http%3A%2F%2Fajmelvisjumpsuit.com-none,1
http%3A%2F%2Fballded888.com-none,1
http%3A%2F%2Fonurmimarlik.com.tr-none,1
http%3A%2F%2Fxyzakademi.com.tr-none,1
http%3A%2F%2Fandroidcar-navi.com-none,1
http%3A%2F%2Fkaibaanteedin.com-none,1
http%3A%2F%2Fntkauto.com-none,1
http%3A%2F%2Fekonomianaliz.com-none,1
http%3A%2F%2Ferachonburi.com-none,1
http%3A%2F%2Fmixbelgorod.ru-none,1
http%3A%2F%2Fmk-ariona.ru-none,1
http%3A%2F%2Fcareer.kharkov.ua-none,1
http%3A%2F%2Fsk-nastroenie.com-none,1
http%3A%2F%2Fipxata.ru-none,1
http%3A%2F%2Fvkorin.com-none,1
http%3A%2F%2Fcentregreta.org-none,1
http%3A%2F%2Fgoproinvest.com-none,1
http%3A%2F%2Frusboxing71.ru-none,1
http%3A%2F%2Ffarofa.com.br-none,1
http%3A%2F%2Fxn--54-6kca3ffh.xn--p1ai-none,1
http%3A%2F%2Fgreta.org.ua-none,1
http%3A%2F%2Fmorzhukhina.ru-none,1
http%3A%2F%2Fetkinsistem.com.tr-none,1
http%3A%2F%2Fcranz-park.ru-none,1
http%3A%2F%2Fswiss-service56.ru-none,1
http%3A%2F%2Fszltd.com.ua-none,1
http%3A%2F%2Fchize.com.ua-none,1
http%3A%2F%2Fperina18.ru-none,1
http%3A%2F%2Falexcarspb.ru-none,1
http%3A%2F%2Fxn----7sbb1bdppef0d.xn--p1ai-none,1
http%3A%2F%2Fmmzco.ru-none,1
http%3A%2F%2Frexant.su-none,1
http%3A%2F%2Frumsdokz.org-none,1
http%3A%2F%2Flady-elegance.com.ua-none,1
http%3A%2F%2Fxn--80aafmzgsyhc.com-none,1
http%3A%2F%2Fsuperbuttonsoccer.com-none,1
http%3A%2F%2Fvashatolstovka.ru-none,1
http%3A%2F%2Ftur-skidka.ru-none,1
http%3A%2F%2Fx-inside.ru-none,1
http%3A%2F%2Fcluckncrow.com-none,1
http%3A%2F%2Fmilan-collection.ru-none,1
http%3A%2F%2Fmult-njnj.at.ua-none,1
http%3A%2F%2Fnadezdadesign.ru-none,1
http%3A%2F%2Frykami.at.ua-none,1
http%3A%2F%2Fstroyservice-a.com-none,1
http%3A%2F%2Fbitcoin-office.com-none,1
http%3A%2F%2Fsantexstart.ru-none,1
http%3A%2F%2Fbinarybasetechnology.com-none,1
http%3A%2F%2Fdivkadne.com-none,1
http%3A%2F%2Faqua-360.ru-none,1
http%3A%2F%2F1p.ro-none,1
http%3A%2F%2Forchideesbievre.be-none,1
http%3A%2F%2Foslafo.com-none,1
http%3A%2F%2Feviltech.cz-none,1
http%3A%2F%2Fz-ykt.ru-none,1
http%3A%2F%2Ftoptenshowbox.de-none,1
http%3A%2F%2Fkanjea.app-none,1
http%3A%2F%2Fcontinentalavto.by-none,1
http%3A%2F%2Fmaxitrends.de-none,1
http%3A%2F%2Fpierre-avenir.com-none,1
http%3A%2F%2Fdonostidolphins.com-none,1
http%3A%2F%2Fipoold.org-none,1
http%3A%2F%2Ftentoengineering.de-none,1
http%3A%2F%2Fera-zhaluzi.ru-none,1
http%3A%2F%2Fstrizhakova.com-none,1
http%3A%2F%2Fsavbon.com-none,1
http%3A%2F%2Fubytovnadavon.cz-none,1
http%3A%2F%2Fonmuhasebe365.com-none,1
http%3A%2F%2Fderyaaysekorkmaz.com-none,1
http%3A%2F%2Fvidyooynat.com-none,1
http%3A%2F%2Fthailivingproperty.com-none,1
http%3A%2F%2Flynxtelecom.net-none,1
http%3A%2F%2Fhomelux125.ru-none,1
http%3A%2F%2Frussiannurse.ru-none,1
http%3A%2F%2Fshinarb.by-none,1
http%3A%2F%2Fhotelalpachaca.com-none,1
http%3A%2F%2Fekat64.ru-none,1
http%3A%2F%2Frjabinushka.org-none,1
http%3A%2F%2Fbagniangela.com-none,1
http%3A%2F%2Felgran-stone.com.ua-none,1
http%3A%2F%2Fetalin.kz-none,1
http%3A%2F%2Fbrandedkitchen.com-none,1
http%3A%2F%2Fnsk54.ru-none,1
http%3A%2F%2Fecn.world-none,1
http%3A%2F%2Ffacturas.ws-none,1
http%3A%2F%2Fbundelamritam.com-none,1
http%3A%2F%2Fnlsdinhtuong.com-none,1
http%3A%2F%2Fb4android.loxblog.com-none,1
http%3A%2F%2Fchar7nas-1er.blogspot.com-none,1
http%3A%2F%2Frelations-clients.com-none,1
http%3A%2F%2Fdicasenovidades.com-none,1
http%3A%2F%2Fnaili-construction.fr-none,1
http%3A%2F%2Fkfz-werkstatt-gt.de-none,1
http%3A%2F%2Fcaringcolours.com-none,1
http%3A%2F%2Fdjkriss.pl-none,1
http%3A%2F%2Fsitaparahospital.com-none,1
http%3A%2F%2Fips-auto-bg.com-none,1
http%3A%2F%2Ffacebroot.com-none,1
http%3A%2F%2Ffacturatarios.mx-none,1
http%3A%2F%2Fa-ds.co-none,1
http%3A%2F%2Fsudsonico.it-none,1
http%3A%2F%2Fsuratgarhonline.com-none,1
http%3A%2F%2Fglobalinsurancebd.com-none,1
http%3A%2F%2Fglobalsuper.com.br-none,1
http%3A%2F%2Fdrevenicaerika.sk-none,1
http%3A%2F%2Fdutchfighttest.netlify.com-none,1
http%3A%2F%2Fmotdepasse.tk-none,1
http%3A%2F%2Fjules-daahk.online-none,1
http%3A%2F%2Fbloodpack.it-none,1
http%3A%2F%2Fadisugar.com-none,1
http%3A%2F%2Fbentinh.com-none,1
http%3A%2F%2Flanytiles.com-none,1
http%3A%2F%2Fburroswebcam.com-none,1
http%3A%2F%2Flopezmontoya.com-none,1
http%3A%2F%2Fbitcoinnova.org-none,1
http%3A%2F%2Fcointube.cc-none,1
http%3A%2F%2Ffashionbreiner.com-none,1
http%3A%2F%2Ffercon.com.br-none,1
http%3A%2F%2Fbitcoinn.biz-none,1
http%3A%2F%2Fvyavsayikbank.com-none,1
http%3A%2F%2Fxn--rlt-hoa73b.hu-none,1
http%3A%2F%2Fantiguavilla.com-none,1
http%3A%2F%2Fnsbrajgarh.com-none,1
http%3A%2F%2Farox.in-none,1
http%3A%2F%2Fbkfastighetsservice.se-none,1
http%3A%2F%2Ftvachaclinic.com-none,1
http%3A%2F%2Ftradecom-ci.com-none,1
http%3A%2F%2Ftrdinfotech.com-none,1
http%3A%2F%2Fifts14.club-none,1
http%3A%2F%2Fsrihariinternational.com-none,1
http%3A%2F%2Fbighub.co-none,1
http%3A%2F%2Fcpkrz-omsk.ru-none,1
http%3A%2F%2Fpcblbank.com-none,1
http%3A%2F%2Fvillamargheritasrl.it-none,1
http%3A%2F%2Fnovosti123.ru-none,1
http%3A%2F%2Frepasosbachillerato.com-none,1
http%3A%2F%2Fsusdmeg.com-none,1
http%3A%2F%2Fbeststudent.lv-none,1
http%3A%2F%2Fxn--l1acgq.xn--p1ai-none,1
http%3A%2F%2Flynxtelecom.ru-none,1
http%3A%2F%2Fhoryzon.ru-none,1
http%3A%2F%2Frumcdoeng.com-none,1
http%3A%2F%2Fcyber-sec.net-none,1
http%3A%2F%2Fashasworld.net-none,1
http%3A%2F%2Fashasworld.org-none,1
http%3A%2F%2Fcanal8salta.com.ar-none,1
http%3A%2F%2Fulybka39.ru-none,1
http%3A%2F%2Fmy-car.info-none,1
http%3A%2F%2Fdnd5spells.rpgist.net-none,1
http%3A%2F%2Fpainterspalettefinder.com-none,1
http%3A%2F%2Fpanoramicznie.pl-none,1
http%3A%2F%2Fprojecthive.ca-none,1
http%3A%2F%2Ftrabant-kuebel.de-none,1
http%3A%2F%2Fambronaar.com-none,1
http%3A%2F%2Fkuebel.info-none,1
http%3A%2F%2Fbankreodirect.com-none,1
http%3A%2F%2Fdwservices.com.ve-none,1
http%3A%2F%2Fenciclopedianews.com-none,1
http%3A%2F%2Frarebd.com-none,1
http%3A%2F%2Fvdragon.uk-none,1
http%3A%2F%2Fgislab.org.ua-none,1
http%3A%2F%2Felmartin.pl-none,1
http%3A%2F%2Fjundikreatif.com-none,1
http%3A%2F%2Fplatformaedukacyjna.cba.pl-none,1
http%3A%2F%2Fhumbertolopes.com.br-none,1
http%3A%2F%2Fsoftbizplus.com-none,1
http%3A%2F%2Freighshore.com-none,1
http%3A%2F%2Ffunciogamma.edu.pl-none,1
http%3A%2F%2Fchataivanka.sk-none,1
http%3A%2F%2Fosobowice.pl-none,1
http%3A%2F%2Fottawapartybus.org-none,1
http%3A%2F%2Fupload-wilzonex.cba.pl-none,1
http%3A%2F%2Fthinkandcreateservices.com-none,1
http%3A%2F%2Fhash-kings.com-none,1
http%3A%2F%2Ffccoprobel.com.br-none,1
http%3A%2F%2Fcattermoleinvestments.com-none,1
http%3A%2F%2Fministranci-jejkowice.pl-none,1
http%3A%2F%2Fmakeemplayem.com-none,1
http%3A%2F%2Fgoviral121.com-none,1
http%3A%2F%2Fcompte-a-rebours-emmanuel-macron.fr-none,1
http%3A%2F%2Fwarm-house.pro-none,1
http%3A%2F%2Fstudiosilversalon.com-none,1
http%3A%2F%2Fjigsawsx.com-none,1
http%3A%2F%2Fagastisakhar.com-none,1
http%3A%2F%2Fah-motorsport.de-none,1
http%3A%2F%2Fpremierconsultants.co.in-none,1
http%3A%2F%2Fhisim.ir-none,1
http%3A%2F%2Fart-dominanta.com-none,1
http%3A%2F%2Ftrabantkuebel.de-none,1
http%3A%2F%2F12finance.com-none,1
http%3A%2F%2Fbrainrisers.com-none,1
http%3A%2F%2Fbamado.fr-none,1
http%3A%2F%2Fpension-archa-mikulov.cz-none,1
http%3A%2F%2Flzcrypto.net-none,1
http%3A%2F%2Ft0in.com-none,1
http%3A%2F%2Fanhuco.com-none,1
http%3A%2F%2Fbrahmaputrafoundation.org-none,1
http%3A%2F%2Flientruong-thnls.com-none,1
http%3A%2F%2F4thamd.com-none,1
http%3A%2F%2Finterstellarbroadcasting.center-none,1
http%3A%2F%2Finside-out.xyz-none,1
http%3A%2F%2F520000.xn--p1ai-none,1
http%3A%2F%2Fmodengkara.net-none,1
http%3A%2F%2Fdonripo.com-none,1
http%3A%2F%2Fcannabiscultura.com-none,1
http%3A%2F%2Fhhmds.com-none,1
http%3A%2F%2Fsaintclaretschoolnptap.org-none,1
http%3A%2F%2Fmontforthazaribag.in-none,1
http%3A%2F%2Fthethao60.com-none,1
http%3A%2F%2Fourladysschooltvr.org-none,1
http%3A%2F%2Fwebdesign-mne.ir-none,1
http%3A%2F%2Fdberukkancheryfsm.org-none,1
http%3A%2F%2Fdbmatricpannur.org-none,1
http%3A%2F%2Fgrimaldispurghi.com-none,1
http%3A%2F%2Fgrimaldispurghi.it-none,1
http%3A%2F%2Fndmcsociety.com-none,1
http%3A%2F%2Fpoloclub-bayern.com-none,1
http%3A%2F%2Finmfmaalumni.com-none,1
http%3A%2F%2Fkenesix.it-none,1
http%3A%2F%2Fbongnn.com-none,1
http%3A%2F%2Fdonboscoayanavaram.com-none,1
http%3A%2F%2Fautono1.com.vn-none,1
http%3A%2F%2Fra-energygroup.com-none,1
http%3A%2F%2Ffallicocostruzioni.it-none,1
http%3A%2F%2Ffiatfriendlyhome.com-none,1
http%3A%2F%2Fstjohnsschoolgym.org-none,1
http%3A%2F%2Fstjosephjakhama.ac.in-none,1
http%3A%2F%2Fsiddarthahighschools.com-none,1
http%3A%2F%2Fauxiliumvaduvanchal.org-none,1
http%3A%2F%2Fwistak.ir-none,1
http%3A%2F%2Fdbpondy.org-none,1
http%3A%2F%2Fstcharlesyercaud.com-none,1
http%3A%2F%2Foicsociety.com-none,1
http%3A%2F%2Fsfsvaniyambadi.org-none,1
http%3A%2F%2Finegozidigangi.it-none,1
http%3A%2F%2Fdbvellore.org-none,1
http%3A%2F%2Fraghavsociety.com-none,1
http%3A%2F%2Ffujiton.vn-none,1
http%3A%2F%2Falster-parket.ru-none,1
http%3A%2F%2Favto-pokras.ru-none,1
http%3A%2F%2Fxn--80adsuqeh.xn--p1ai-none,1
http%3A%2F%2Ftsarsenal.ru-none,1
http%3A%2F%2Fvladosteopract.ru-none,1
http%3A%2F%2Fbitcoin-office.com-none,1
http%3A%2F%2Fecn.world-none,1
http%3A%2F%2Fwww.sharing-is-caring.info-none,1
http%3A%2F%2Fsharing-is-caring.info-none,1
http%3A%2F%2Fupdate-your-pc.info-none,1
http%3A%2F%2Fwww.update-your-pc.info-none,1
http%3A%2F%2Fwww.apdrive.win-none,1
http%3A%2F%2Fapdrive.win-none,1
http%3A%2F%2Fnetwork.nimiq.com-none,1
http%3A%2F%2Fgetsome.nimiq.com-none,1
http%3A%2F%2Fdailypostviral.com-none-trace.json,1
http%3A%2F%2Fhermosillodigital.info-none-trace.json,1
http%3A%2F%2Fmonclovadigital.mx-none-trace.json,1
http%3A%2F%2Fvallartadigital.mx-none-trace.json,1
http%3A%2F%2Friversidedigital.info-none-trace.json,1
