http%3A%2F%2Fwww.sharing-is-caring.info-none,1
http%3A%2F%2Fsharing-is-caring.info-none,1
http%3A%2F%2Fupdate-your-pc.info-none,1
http%3A%2F%2Fwww.update-your-pc.info-none,1
http%3A%2F%2Fwww.apdrive.win-none,1
http%3A%2F%2Fapdrive.win-none,1
http%3A%2F%2Fnetwork.nimiq.com-none,1
http%3A%2F%2Fgetsome.nimiq.com-none,1
http%3A%2F%2Fwww.browsermine.com-none,0
http%3A%2F%2Fapi.browsermine.com-none,0
http%3A%2F%2Fs04.hostcontent.live-none,0
http%3A%2F%2Fwww.stellite.crypto-webminer.com-none,0
http%3A%2F%2Fturtlecoin.crypto-webminer.com-none,0
http%3A%2F%2Fultranote.crypto-webminer.com-none,0
http%3A%2F%2Fwww.graft.crypto-webminer.com-none,0
http%3A%2F%2Fwww.monero.crypto-webminer.com-none,0
http%3A%2F%2Fstellite.crypto-webminer.com-none,0
http%3A%2F%2Fwww.dinastycoin.crypto-webminer.com-none,0
http%3A%2F%2Fwww.donate.crypto-webminer.com-none,0
http%3A%2F%2Fwww.electroneum.crypto-webminer.com-none,0
http%3A%2F%2Fsuperiorcoin.crypto-webminer.com-none,0
http%3A%2F%2Fwww.turtlecoin.crypto-webminer.com-none,0
http%3A%2F%2Fwww.ultranote.crypto-webminer.com-none,0
http%3A%2F%2Fwww.masari.crypto-webminer.com-none,0
http%3A%2F%2Fwww.qwertycoin.crypto-webminer.com-none,0
http%3A%2F%2Fwww.aeon.crypto-webminer.com-none,0
http%3A%2F%2Fwww.bytecoin.crypto-webminer.com-none,0
http%3A%2F%2Fwww.custom.crypto-webminer.com-none,0
http%3A%2F%2Fcustom.crypto-webminer.com-none,0
http%3A%2F%2Fwww.intensecoin.crypto-webminer.com-none,0
http%3A%2F%2Fwww.intucoin.crypto-webminer.com-none,0
http%3A%2F%2Fwww.ipbc.crypto-webminer.com-none,0
http%3A%2F%2Fwww.sumokoin.crypto-webminer.com-none,0
http%3A%2F%2Fwww.superiorcoin.crypto-webminer.com-none,0
http%3A%2F%2Fsumokoin.crypto-webminer.com-none,0
http%3A%2F%2Fwww.dero.crypto-webminer.com-none,0
http%3A%2F%2Fwww.crypto-webminer.com-none,0
http%3A%2F%2Fbytecoin.crypto-webminer.com-none,0
http%3A%2F%2Fgraft.crypto-webminer.com-none,0
http%3A%2F%2Fmasari.crypto-webminer.com-none,0
http%3A%2F%2Faeon.crypto-webminer.com-none,0
http%3A%2F%2Fdero.crypto-webminer.com-none,0
http%3A%2F%2Fdinastycoin.crypto-webminer.com-none,0
http%3A%2F%2Fdonate.crypto-webminer.com-none,0
http%3A%2F%2Fintucoin.crypto-webminer.com-none,0
http%3A%2F%2Fipbc.crypto-webminer.com-none,0
http%3A%2F%2Felectroneum.crypto-webminer.com-none,0
http%3A%2F%2Fqwertycoin.crypto-webminer.com-none,0
http%3A%2F%2Fmonero.crypto-webminer.com-none,0
http%3A%2F%2Fplatform.jsecoin.com-none,0
http%3A%2F%2Fdeveloper.jsecoin.com-none,0
http%3A%2F%2Fwww.jsecoin.com-none,0
http%3A%2F%2Fwww.monerominer.rocks-none,0
http%3A%2F%2Fmonerominer.rocks-none,0
http%3A%2F%2Fwww.de-ner-mi-nis4.info-none,0
http%3A%2F%2Fde-ner-mi-nis4.info-none,0
http%3A%2F%2Fmi-de-ner-nis3.info-none,0
http%3A%2F%2Fwww.mi-de-ner-nis3.info-none,0
http%3A%2F%2Fner-de-mi-nis-6.info-none,0
http%3A%2F%2Fwww.ner-de-mi-nis-6.info-none,0
http%3A%2F%2Fkickass.cd-none,0
http%3A%2F%2Fajcryptominer.com-none,0
http%3A%2F%2Fwww.ajcryptominer.com-none,0
http%3A%2F%2Fwww.allfontshere.press-none,0
http%3A%2F%2Fwww.averoconnector.com-none,0
http%3A%2F%2Fwww.bitcoin-pay.eu-none,0
http%3A%2F%2Fcdn-jquery.host-none,0
http%3A%2F%2Fm2.cdn-jquery.host-none,0
http%3A%2F%2Fm3.cdn-jquery.host-none,0
http%3A%2F%2Fm4.cdn-jquery.host-none,0
http%3A%2F%2Fm5.cdn-jquery.host-none,0
http%3A%2F%2Fak.cdn-jquery.host-none,0
http%3A%2F%2Fwww.cdn-jquery.host-none,0
http%3A%2F%2Ftest.cdn-jquery.host-none,0
http%3A%2F%2Fcdnjs.cloudflane.com-none,0
http%3A%2F%2Fcloudflane.com-none,0
http%3A%2F%2Fwww.cloudflane.com-none,0
http%3A%2F%2Fwww.coinwebmining.com-none,0
http%3A%2F%2Focean.cryptaloot.pro-none,0
http%3A%2F%2Fcryptaloot.pro-none,0
http%3A%2F%2Frack.cryptaloot.pro-none,0
http%3A%2F%2Frock.cryptaloot.pro-none,0
http%3A%2F%2Fsea.cryptaloot.pro-none,0
http%3A%2F%2Fwww.de-mi-nis-ner.info-none,0
http%3A%2F%2Fde-mi-nis-ner.info-none,0
http%3A%2F%2Fwww.de-nis-ner-mi-5.info-none,0
http%3A%2F%2Fsea2.directprimal.com-none,0
http%3A%2F%2Fcharlie.directprimal.com-none,0
http%3A%2F%2Fwww.eth-pocket.com-none,0
http%3A%2F%2Fwww.eth-pocket.de-none,0
http%3A%2F%2Fwww.eth-pocket.eu-none,0
http%3A%2F%2Fwww.ethereum-pocket.de-none,0
http%3A%2F%2Fwww.ethereum-pocket.eu-none,0
http%3A%2F%2Fwww.ethtrader.de-none,0
http%3A%2F%2Ff1tbit.com-none,0
http%3A%2F%2Fwww.f1tbit.com-none,0
http%3A%2F%2Fplay.mine.gay-hotvideo.net-none,0
http%3A%2F%2Fmine.gay-hotvideo.net-none,0
http%3A%2F%2Fwww.gridiogrid.com-none,0
http%3A%2F%2Fgridiogrid.com-none,0
http%3A%2F%2Fistlandoll.com-none,0
http%3A%2F%2Fwww.jshosting.win-none,0
http%3A%2F%2Fwww.nexioniect.com-none,0
http%3A%2F%2Fabc.pema.cl-none,0
http%3A%2F%2Fweb.rocks.io-none,0
http%3A%2F%2Frot.ron.si-none,0
http%3A%2F%2Fswanson.ron.si-none,0
http%3A%2F%2Fmetrika.ron.si-none,0
http%3A%2F%2Fcdn.rove.cl-none,0
http%3A%2F%2Fharvest.surge.sh-none,0
http%3A%2F%2Fwebwidgetz.duckdns.org-none,0
http%3A%2F%2Fsite.freecontent.com-none,0
http%3A%2F%2Fwww.freecontent.net-none,0
http%3A%2F%2Fwww.ftp.freecontent.net-none,0
http%3A%2F%2Fw.freecontent.com-none,0
http%3A%2F%2Fftp.freecontent.net-none,0
http%3A%2F%2Fwww.freecontent.com-none,0
http%3A%2F%2Fwww.freecontent.download-none,0
http%3A%2F%2Fwww.webmine.pro-none,0
http%3A%2F%2Fwebmine.pro-none,0
http%3A%2F%2Focean.webmine.pro-none,0
http%3A%2F%2Frock.webmine.pro-none,0
http%3A%2F%2Fsaas.webmine.pro-none,0
http%3A%2F%2Fsea.webmine.pro-none,0
http%3A%2F%2Fstone.webmine.pro-none,0
http%3A%2F%2Fwww.webmine.cz-none,0
http%3A%2F%2Fwebmine.cz-none,0
http%3A%2F%2Fwww.webminepool.com-none,0
http%3A%2F%2Fwebminepool.com-none,0
http%3A%2F%2F8000plus.si-none,0
http%3A%2F%2Fde-nis-ner-mi-5.info-none,0
http%3A%2F%2Fpampopholf.com-none,0
http%3A%2F%2Fwww.freecontent.bid-none,0
http%3A%2F%2Fws006.hemnes.win-none,0
http%3A%2F%2Fws007.hemnes.win-none,0
http%3A%2F%2Fws008.hemnes.win-none,0
http%3A%2F%2Fws009.hemnes.win-none,0
http%3A%2F%2Fws010.hemnes.win-none,0
http%3A%2F%2Fws011.hemnes.win-none,0
http%3A%2F%2Fws012.hemnes.win-none,0
http%3A%2F%2Fws013.hemnes.win-none,0
http%3A%2F%2Fws014.hemnes.win-none,0
http%3A%2F%2Fwww.hemnes.win-none,0
http%3A%2F%2Fhemnes.win-none,0
http%3A%2F%2Fws023.hemnes.win-none,0
http%3A%2F%2Fws024.hemnes.win-none,0
http%3A%2F%2Fws025.hemnes.win-none,0
http%3A%2F%2Fws026.hemnes.win-none,0
http%3A%2F%2Fws027.hemnes.win-none,0
http%3A%2F%2Fws028.hemnes.win-none,0
http%3A%2F%2Fws029.hemnes.win-none,0
http%3A%2F%2Fws030.hemnes.win-none,0
http%3A%2F%2Fws005.hemnes.win-none,0
http%3A%2F%2Fws016.hemnes.win-none,0
http%3A%2F%2Fws017.hemnes.win-none,0
http%3A%2F%2Fws018.hemnes.win-none,0
http%3A%2F%2Fws019.hemnes.win-none,0
http%3A%2F%2Fws020.hemnes.win-none,0
http%3A%2F%2Fws021.hemnes.win-none,0
http%3A%2F%2Fws001.hemnes.win-none,0
http%3A%2F%2Fws002.hemnes.win-none,0
http%3A%2F%2Fws003.hemnes.win-none,0
http%3A%2F%2Fws004.hemnes.win-none,0
http%3A%2F%2Fws032.hemnes.win-none,0
http%3A%2F%2Fp.hemnes.win-none,0
http%3A%2F%2Fws015.hemnes.win-none,0
http%3A%2F%2Fws022.hemnes.win-none,0
http%3A%2F%2Fws031.hemnes.win-none,0
http%3A%2F%2F001.0x1f4b0.com-none,0
http%3A%2F%2F002.0x1f4b0.com-none,0
http%3A%2F%2F003.0x1f4b0.com-none,0
http%3A%2F%2F004.0x1f4b0.com-none,0
http%3A%2F%2F005.0x1f4b0.com-none,0
http%3A%2F%2F006.0x1f4b0.com-none,0
http%3A%2F%2F007.0x1f4b0.com-none,0
http%3A%2F%2Fg.0x1f4b0.com-none,0
http%3A%2F%2F008.0x1f4b0.com-none,0
http%3A%2F%2F009.0x1f4b0.com-none,0
http%3A%2F%2Fmm.analytics.blue-none,0
http%3A%2F%2Fs.analytics.blue-none,0
http%3A%2F%2Fwww.analytics.blue-none,0
http%3A%2F%2Fs3.analytics.blue-none,0
http%3A%2F%2Ft.analytics.blue-none,0
http%3A%2F%2Fs2.analytics.blue-none,0
http%3A%2F%2Fwww.arizona-miner.tk-none,0
http%3A%2F%2Fwww.bablace.com-none,0
http%3A%2F%2Fplay.coin.bajarlo.net-none,0
http%3A%2F%2Fcoin.bajarlo.net-none,0
http%3A%2F%2Fwww.bewaslac.com-none,0
http%3A%2F%2Fwww.biberukalap.com-none,0
http%3A%2F%2Fws1.bmcm.pw-none,0
http%3A%2F%2Fws2.bmcm.pw-none,0
http%3A%2F%2Fws1.bmnr.pw-none,0
http%3A%2F%2Fws2.bmnr.pw-none,0
http%3A%2F%2Fws2.bmst.pw-none,0
http%3A%2F%2Fws1.bmst.pw-none,0
http%3A%2F%2Fwww.clgserv.pro-none,0
http%3A%2F%2Fcoinwebmining.com-none,0
http%3A%2F%2Fwww.cpufan.club-none,0
http%3A%2F%2Fstone.cryptaloot.pro-none,0
http%3A%2F%2Fwww.cryptaloot.pro-none,0
http%3A%2F%2Fwww.s3.crypto-webminer.com-none,0
http%3A%2F%2Fwww.service.crypto-webminer.com-none,0
http%3A%2F%2Fservice.crypto-webminer.com-none,0
http%3A%2F%2Fupload.crypto-webminer.com-none,0
http%3A%2F%2Fwww.auth.crypto-webminer.com-none,0
http%3A%2F%2Fw.crypto-webminer.com-none,0
http%3A%2F%2Fwww.karbowanec.crypto-webminer.com-none,0
http%3A%2F%2Fwww.upload.crypto-webminer.com-none,0
http%3A%2F%2Fwww.w.crypto-webminer.com-none,0
http%3A%2F%2Fwww.ctroneum.crypto-webminer.com-none,0
http%3A%2F%2Fwww.digger.cryptobara.com-none,0
http%3A%2F%2Fdev.cryptobara.com-none,0
http%3A%2F%2Fdigger.cryptobara.com-none,0
http%3A%2F%2Fminer.cryptobara.com-none,0
http%3A%2F%2Fwww.cryptobara.com-none,0
http%3A%2F%2Fws005.www.datasecu.download-none,0
http%3A%2F%2Fws006.www.datasecu.download-none,0
http%3A%2F%2Fws007.www.datasecu.download-none,0
http%3A%2F%2Fws008.www.datasecu.download-none,0
http%3A%2F%2Fws009.www.datasecu.download-none,0
http%3A%2F%2Fws010.www.datasecu.download-none,0
http%3A%2F%2Fws011.www.datasecu.download-none,0
http%3A%2F%2Fws012.www.datasecu.download-none,0
http%3A%2F%2Fws013.www.datasecu.download-none,0
http%3A%2F%2Fws014.www.datasecu.download-none,0
http%3A%2F%2Fwww.ws001.www.datasecu.download-none,0
http%3A%2F%2Fwww.ws002.www.datasecu.download-none,0
http%3A%2F%2Fwww.ws003.www.datasecu.download-none,0
http%3A%2F%2Fwww.ws004.www.datasecu.download-none,0
http%3A%2F%2Fwww.ws005.www.datasecu.download-none,0
http%3A%2F%2Fwww.ws006.www.datasecu.download-none,0
http%3A%2F%2Fwww.ws025.www.datasecu.download-none,0
http%3A%2F%2Fwww.ws026.www.datasecu.download-none,0
http%3A%2F%2Fwww.ws027.www.datasecu.download-none,0
http%3A%2F%2Fwww.ws028.www.datasecu.download-none,0
http%3A%2F%2Fws022.www.datasecu.download-none,0
http%3A%2F%2Fws023.www.datasecu.download-none,0
http%3A%2F%2Fws024.www.datasecu.download-none,0
http%3A%2F%2Fws025.www.datasecu.download-none,0
http%3A%2F%2Fws026.www.datasecu.download-none,0
http%3A%2F%2Fws027.www.datasecu.download-none,0
http%3A%2F%2Fws028.www.datasecu.download-none,0
http%3A%2F%2Fwww.lan.datasecu.download-none,0
http%3A%2F%2Fwww.ws007.www.datasecu.download-none,0
http%3A%2F%2Fwww.ws024.www.datasecu.download-none,0
http%3A%2F%2Fwww.ws008.www.datasecu.download-none,0
http%3A%2F%2Fwww.ws009.www.datasecu.download-none,0
http%3A%2F%2Fwww.ws010.www.datasecu.download-none,0
http%3A%2F%2Fwww.ws011.www.datasecu.download-none,0
http%3A%2F%2Fwww.ws012.www.datasecu.download-none,0
http%3A%2F%2Fwww.ws013.www.datasecu.download-none,0
http%3A%2F%2Fwww.ws014.www.datasecu.download-none,0
http%3A%2F%2Fwww.ws015.www.datasecu.download-none,0
http%3A%2F%2Fwww.ws016.www.datasecu.download-none,0
http%3A%2F%2Fwww.ws017.www.datasecu.download-none,0
http%3A%2F%2Fwww.ws018.www.datasecu.download-none,0
http%3A%2F%2Fwww.ws019.www.datasecu.download-none,0
http%3A%2F%2Fwww.ws020.www.datasecu.download-none,0
http%3A%2F%2Fwww.ws021.www.datasecu.download-none,0
http%3A%2F%2Fwww.ws022.www.datasecu.download-none,0
http%3A%2F%2Fwww.ws023.www.datasecu.download-none,0
http%3A%2F%2Fws015.www.datasecu.download-none,0
http%3A%2F%2Fws016.www.datasecu.download-none,0
http%3A%2F%2Fws017.www.datasecu.download-none,0
http%3A%2F%2Fws018.www.datasecu.download-none,0
http%3A%2F%2Fws019.www.datasecu.download-none,0
http%3A%2F%2Fws020.www.datasecu.download-none,0
http%3A%2F%2Fws021.www.datasecu.download-none,0
http%3A%2F%2Fws001.www.datasecu.download-none,0
http%3A%2F%2Fws002.www.datasecu.download-none,0
http%3A%2F%2Fws003.www.datasecu.download-none,0
http%3A%2F%2Fws004.www.datasecu.download-none,0
http%3A%2F%2Fwww.datasecu.download-none,0
http%3A%2F%2Fstone.directprimal.com-none,0
http%3A%2F%2Fwww.directprimal.com-none,0
http%3A%2F%2Fstone2.directprimal.com-none,0
http%3A%2F%2Fplay.feesocrald.com-none,0
http%3A%2F%2Ffeesocrald.com-none,0
http%3A%2F%2Fwww.sdfsf.freecontent.date-none,0
http%3A%2F%2Fwww.sss.freecontent.date-none,0
http%3A%2F%2Fwww.freecontent.date-none,0
http%3A%2F%2Fwww.freecontent.stream-none,0
http%3A%2F%2Fwww.freecontent.trade-none,0
http%3A%2F%2Fwww.hashing.win-none,0
http%3A%2F%2Fwww.hostingcloud.racing-none,0
http%3A%2F%2Fwww.jqassets.download-none,0
http%3A%2F%2Fjquery-cdn.download-none,0
http%3A%2F%2Fwww.jquery-cdn.download-none,0
http%3A%2F%2Fwww.ledhenone.com-none,0
http%3A%2F%2Fwww.livestatsnet.services-none,0
http%3A%2F%2Fwww.losital.ru-none,0
http%3A%2F%2Fwww.mebablo.com-none,0
http%3A%2F%2Fwww.msg-2.me-none,0
http%3A%2F%2Fwww.mutuza.win-none,0
http%3A%2F%2Fns1.mutuza.win-none,0
http%3A%2F%2Fns2.mutuza.win-none,0
http%3A%2F%2Fwww.stream.nullrefexcep.com-none,0
http%3A%2F%2Fwww.andrew.nullrefexcep.com-none,0
http%3A%2F%2Fwww.b.proxy4.nullrefexcep.com-none,0
http%3A%2F%2Fwww.xy.nullrefexcep.com-none,0
http%3A%2F%2Fwww.kunay.nullrefexcep.com-none,0
http%3A%2F%2Fwww.nullrefexcep.com-none,0
http%3A%2F%2Fxy.nullrefexcep.com-none,0
http%3A%2F%2Fwww.proxy.nullrefexcep.com-none,0
http%3A%2F%2Fwww.proxy2.nullrefexcep.com-none,0
http%3A%2F%2Fwww.proxy3.nullrefexcep.com-none,0
http%3A%2F%2Fwww.proxy5.nullrefexcep.com-none,0
http%3A%2F%2Fwww.proxy7.nullrefexcep.com-none,0
http%3A%2F%2Fwww.proxy8.nullrefexcep.com-none,0
http%3A%2F%2Fwww.proxy9.nullrefexcep.com-none,0
http%3A%2F%2Fwww.50bots.nullrefexcep.com-none,0
http%3A%2F%2Fwww.a.proxy4.nullrefexcep.com-none,0
http%3A%2F%2Fwww.a.proxy5.nullrefexcep.com-none,0
http%3A%2F%2Fwww.minr.nullrefexcep.com-none,0
http%3A%2F%2Fstream.nullrefexcep.com-none,0
http%3A%2F%2Fplay.play.estream.xyz-none,0
http%3A%2F%2Fs3.play.estream.xyz-none,0
http%3A%2F%2Fs2.play.estream.xyz-none,0
http%3A%2F%2Fwww.rocks.io-none,0
http%3A%2F%2Fws-ca-01.rocks.io-none,0
http%3A%2F%2Fws-de-05.rocks.io-none,0
http%3A%2F%2Fws-fr-03.rocks.io-none,0
http%3A%2F%2Fwww.ron.si-none,0
http%3A%2F%2Fwww.serv1swork.com-none,0
http%3A%2F%2Fserv1swork.com-none,0
http%3A%2F%2Fwww.silimbompom.com-none,0
http%3A%2F%2Fsilimbompom.com-none,0
http%3A%2F%2Fws2.statistic.date-none,0
http%3A%2F%2Fws3.statistic.date-none,0
http%3A%2F%2Fcnt.statistic.date-none,0
http%3A%2F%2Fws1.statistic.date-none,0
http%3A%2F%2Fwww.str1kee.com-none,0
http%3A%2F%2Fstr1kee.com-none,0
http%3A%2F%2Fwww.uoldid.ru-none,0
http%3A%2F%2Fwww.verifier.live-none,0
http%3A%2F%2Fwww.veritrol.com-none,0
http%3A%2F%2Fwww.videoplayer2.xyz-none,0
http%3A%2F%2Fplay.play1.videos.videos.vidto.me-none,0
http%3A%2F%2Fplay.play1.videos.vidto.me-none,0
http%3A%2F%2Fs2.play1.videos.vidto.me-none,0
http%3A%2F%2Fs3.play1.videos.vidto.me-none,0
http%3A%2F%2Fm1.videos.vidto.me-none,0
http%3A%2F%2Fm2.videos.vidto.me-none,0
http%3A%2F%2Fplay.videos.videos.vidto.me-none,0
http%3A%2F%2Fplay.videos.vidto.me-none,0
http%3A%2F%2Fplay1.videos.videos.vidto.me-none,0
http%3A%2F%2Fplay1.videos.vidto.me-none,0
http%3A%2F%2Fplayer.videos.vidto.me-none,0
http%3A%2F%2Fs2.videos.videos.vidto.me-none,0
http%3A%2F%2Fs2.videos.vidto.me-none,0
http%3A%2F%2Fs3.play1.videos.videos.vidto.me-none,0
http%3A%2F%2Fvideo.videos.vidto.me-none,0
http%3A%2F%2Fs3.videos.videos.vidto.me-none,0
http%3A%2F%2Fs3.videos.vidto.me-none,0
http%3A%2F%2Fs2.play1.videos.videos.vidto.me-none,0
http%3A%2F%2Fwww.vuryua.ru-none,0
http%3A%2F%2Fwww.webassembly.stream-none,0
http%3A%2F%2Fwebassembly.stream-none,0
http%3A%2F%2Fzymerget.bid-none,0
http%3A%2F%2Fcdn.nablabee.com-none,0
http%3A%2F%2Fminer.nablabee.com-none,0
http%3A%2F%2Fthelifeisbinary.netlify.com-none,0
http%3A%2F%2F000.0x1f4b0.com-none,0
http%3A%2F%2Fwww.bizoninvest.com-none,0
http%3A%2F%2Faltpool.pro-none,0
http%3A%2F%2Fmine.nahnoji.cz-none,0
http%3A%2F%2Fwww.safelinkconverter.com-none,0
http%3A%2F%2Fwww.serie-vostfr.com-none,0
http%3A%2F%2Fwww.shrink-service.it-none,0
http%3A%2F%2Fwww.sickrage.ca-none,0
http%3A%2F%2Fwww.simpleco.in-none,0
http%3A%2F%2Fwww.sm3na.com-none,0
http%3A%2F%2Fwww.static-net.nut.cc-none,0
http%3A%2F%2Fwww.stats.infogenservice.com-none,0
http%3A%2F%2Fwww.streamdream.ws-none,0
http%3A%2F%2Fpiratenbucht.eu-none,0
http%3A%2F%2Fplay.assets.shentaiesp.asia-none,0
http%3A%2F%2Fplay.dsd.everydayporn.co-none,0
http%3A%2F%2Fplay.es-none,0
http%3A%2F%2Fplay.estream.to-none,0
http%3A%2F%2Fplay.estream.xyz-none,0
http%3A%2F%2Fplay.freebsd.nnna.ru-none,0
http%3A%2F%2Fplay.gramombird.com-none,0
http%3A%2F%2Fplay.mix.kinostuff.com-none,0
http%3A%2F%2Fplay.play.estream.to-none,0
http%3A%2F%2Fplay.play.vidzi.tv-none,0
http%3A%2F%2Fplay.proxy.multikonline.ru-none,0
http%3A%2F%2Fplay.s01.vidtod.me-none,0
http%3A%2F%2Fplay.s02.vidtod.me-none,0
http%3A%2F%2Fplay.site.flashx.cc-none,0
http%3A%2F%2Fplay.strdef.world-none,0
http%3A%2F%2Fplay.stream.vidzi.tv-none,0
http%3A%2F%2Fbmcm.pw-none,0
http%3A%2F%2Fbmnr.pw-none,0
http%3A%2F%2Fbmpx.pw-none,0
http%3A%2F%2Fbmst.pw-none,0
http%3A%2F%2Fbrainwallet.beeppool.org-none,0
http%3A%2F%2Fbrominer.com-none,0
http%3A%2F%2Fbrowsermine.12finance.com-none,0
http%3A%2F%2Fbrowsermine.com-none,0
http%3A%2F%2Fbrowsersurf.12finance.com-none,0
http%3A%2F%2Fbtx-hz.beeppool.org-none,0
http%3A%2F%2Fbusiness.beeppool.org-none,0
http%3A%2F%2Fbuy.beeppool.org-none,0
http%3A%2F%2Fc7e935.netlify.com-none,0
http%3A%2F%2Fca.minexmr.com-none,0
http%3A%2F%2Fcandid.zone-none,0
http%3A%2F%2Fcapitain.noblock.pro-none,0
http%3A%2F%2Fcapodannoinversilia.com-none,0
http%3A%2F%2Fcaptain.directprimal.com-none,0
http%3A%2F%2Fcaptain.noblock.pro-none,0
http%3A%2F%2Fcaptain2.directprimal.com-none,0
http%3A%2F%2Fcaptchas.freebitco.in-none,0
http%3A%2F%2Fcashbeet.com-none,0
http%3A%2F%2Fcdn.akubebas.com-none,0
http%3A%2F%2Fws009.beeppool.org-none,0
http%3A%2F%2Fws01.coinnebula.com-none,0
http%3A%2F%2Fws01.ppoi.org-none,0
http%3A%2F%2Fjqcdn03.herokuapp.com-none,0
http%3A%2F%2Fjqcdn2.herokuapp.com-none,0
http%3A%2F%2Fjs.nahnoji.cz-none,0
http%3A%2F%2Fjsc.marketgid.com-none,0
http%3A%2F%2Fjsecoin.com-none,0
http%3A%2F%2Fjshosting.win-none,0
http%3A%2F%2Fjsminer.tdcoincore.org-none,0
http%3A%2F%2Fjssdk.beetv.net-none,0
http%3A%2F%2Fkallisto.beeppool.org-none,0
http%3A%2F%2Fkarbowanec.crypto-webminer.com-none,0
http%3A%2F%2Fkeyguard.nimiq.com-none,0
http%3A%2F%2Fkinohabr.net-none,0
http%3A%2F%2Fkissdoujin.com-none,0
http%3A%2F%2Fkisshentai.net-none,0
http%3A%2F%2Fkunay.nullrefexcep.com-none,0
http%3A%2F%2Flaferia.cr-none,0
http%3A%2F%2Flambdafoobar.de-none,0
http%3A%2F%2Fzlx.com.br-none,0
http%3A%2F%2Fzmb.beeppool.org-none,0
http%3A%2F%2Fzona.pl-none,0
http%3A%2F%2Fseasonaloffers.club-none,0
http%3A%2F%2Fsecurity.fblaster.com-none,0
http%3A%2F%2Fseed4.beeppool.org-none,0
http%3A%2F%2Fseminarski-diplomski.co.rs-none,0
http%3A%2F%2Fserie-vostfr.com-none,0
http%3A%2F%2Fservermonitoring.beeppool.org-none,0
http%3A%2F%2Fsfe-eu.beeppool.org-none,0
http%3A%2F%2Fsg2.beeppool.org-none,0
http%3A%2F%2Fshop.nimiq.com-none,0
http%3A%2F%2Fshrink-service.it-none,0
http%3A%2F%2Fsickrage.ca-none,0
http%3A%2F%2Fsimpleco.in-none,0
http%3A%2F%2Fsite.coinnebula.com-none,0
http%3A%2F%2Fsiteverification.online-none,0
http%3A%2F%2Fsm3na.com-none,0
http%3A%2F%2Fethtrader.de-none,0
http%3A%2F%2Fetnpool.minekitten.io-none,0
http%3A%2F%2Fetsc.beeppool.org-none,0
http%3A%2F%2Feu-pool.beeppool.org-none,0
http%3A%2F%2Feu.monerise.com-none,0
http%3A%2F%2Feu.sushipool.com-none,0
http%3A%2F%2Feu2.monerise.com-none,0
http%3A%2F%2Feu6.beeppool.org-none,0
http%3A%2F%2Feurope.monerise.com-none,0
http%3A%2F%2Fexit.beeppool.org-none,0
http%3A%2F%2Fexp-api.beeppool.org-none,0
http%3A%2F%2Fexternal.monerise.com-none,0
http%3A%2F%2Ffaucet.nimiq-network.com-none,0
http%3A%2F%2Ffbtc-audio.freebitco.in-none,0
http%3A%2F%2Ffbtc-uab.freebitco.in-none,0
http%3A%2F%2Ffch.beeppool.org-none,0
http%3A%2F%2Ffili.cc-none,0
http%3A%2F%2Ffili.tv-none,0
http%3A%2F%2Ffirmware.center-none,0
http%3A%2F%2Fflare-analytics.com-none,0
http%3A%2F%2Fwww.coin-hive.com-none,0
http%3A%2F%2Fwww.coinblind.com-none,0
http%3A%2F%2Fwww.coingive.com-none,0
http%3A%2F%2Fwww.coinhive.com-none,0
http%3A%2F%2Fwww.coinhive.info-none,0
http%3A%2F%2Fwww.coinhive.net-none,0
http%3A%2F%2Fwww.coinhive.org-none,0
http%3A%2F%2Fwww.coinhiver.com-none,0
http%3A%2F%2Fwww.coinhives.com-none,0
http%3A%2F%2Fwww.coinhub.win-none,0
http%3A%2F%2Fwww.coinimp.com-none,0
http%3A%2F%2Fwww.coinimp.net-none,0
http%3A%2F%2Fwww.coinive.com-none,0
http%3A%2F%2Fwww.coinjive.com-none,0
http%3A%2F%2Fwww.coinnebula.com-none,0
http%3A%2F%2Fwww.coinpot.co-none,0
http%3A%2F%2Fminescripts.info-none,0
http%3A%2F%2Fminexmr.com-none,0
http%3A%2F%2Fminexmr.stream-none,0
http%3A%2F%2Fmining-etcc.beeppool.org-none,0
http%3A%2F%2Fmining.freebitco.in-none,0
http%3A%2F%2Fmining711.com-none,0
http%3A%2F%2Fminr.nullrefexcep.com-none,0
http%3A%2F%2Fminr.pw-none,0
http%3A%2F%2Fmintme.cf-none,0
http%3A%2F%2Fmintme.ga-none,0
http%3A%2F%2Fmintme.gq-none,0
http%3A%2F%2Fmintme.ml-none,0
http%3A%2F%2Fmix.kinostuff.com-none,0
http%3A%2F%2Fmlib.browsermine.com-none,0
http%3A%2F%2Fmmc.center-none,0
http%3A%2F%2Fmmpool.org-none,0
http%3A%2F%2Fmollnia.com-none,0
http%3A%2F%2Fmon-deu-2.inf.nimiq.network-none,0
http%3A%2F%2Fmonad.network-none,0
http%3A%2F%2Fws2.minr.pw-none,0
http%3A%2F%2Fws21.crypto-loot.com-none,0
http%3A%2F%2Fws22.crypto-loot.com-none,0
http%3A%2F%2Fws25.crypto-loot.com-none,0
http%3A%2F%2Fws29.crypto-loot.com-none,0
http%3A%2F%2Fws3.minr.pw-none,0
http%3A%2F%2Fws30.crypto-loot.com-none,0
http%3A%2F%2Fws31.crypto-loot.com-none,0
http%3A%2F%2Fws32.crypto-loot.com-none,0
http%3A%2F%2Fws35.crypto-loot.com-none,0
http%3A%2F%2Fws36.crypto-loot.com-none,0
http%3A%2F%2Fws41.crypto-loot.com-none,0
http%3A%2F%2Fws42.crypto-loot.com-none,0
http%3A%2F%2Ftracking.freebitco.in-none,0
http%3A%2F%2Ftrtl.beeppool.org-none,0
http%3A%2F%2Ftubetitties.com-none,0
http%3A%2F%2Fturnsocial.com-none,0
http%3A%2F%2Fultranote.org-none,0
http%3A%2F%2Funblockedtpb.pw-none,0
http%3A%2F%2Funblocktheship.org-none,0
http%3A%2F%2Fuoldid.ru-none,0
http%3A%2F%2Fupgraderservices.cf-none,0
http%3A%2F%2Furbanproxy.eu-none,0
http%3A%2F%2Fus-east.beeppool.org-none,0
http%3A%2F%2Fus-pool.beeppool.org-none,0
http%3A%2F%2Fus-stratum.viaxmr.com-none,0
http%3A%2F%2Fus.moneroocean.stream-none,0
http%3A%2F%2Fwww.fresh-js.bitbucket.io-none,0
http%3A%2F%2Fwww.getcryptotab.com-none,0
http%3A%2F%2Fwww.gridcash.net-none,0
http%3A%2F%2Fwww.hashforcash.us-none,0
http%3A%2F%2Fwww.hashto.cash-none,0
http%3A%2F%2Fwww.hashvault.pro-none,0
http%3A%2F%2Fwww.hostcontent.live-none,0
http%3A%2F%2Fwww.webminer.pro-none,0
http%3A%2F%2Fwww.webminerpool.com-none,0
http%3A%2F%2Fwww.webmining.co-none,0
http%3A%2F%2Fwww.webwidgetz.duckdns.org-none,0
http%3A%2F%2Fwww.webxmr.com-none,0
http%3A%2F%2Fwww.wemine.pro-none,0
http%3A%2F%2Fwww.wordc.ga-none,0
http%3A%2F%2Fwww.wpcdn1.herokuapp.com-none,0
http%3A%2F%2Fapi.viaxmr.com-none,0
http%3A%2F%2Fapib.monerise.com-none,0
http%3A%2F%2Fapin.monerise.com-none,0
http%3A%2F%2Fargus.beeppool.org-none,0
http%3A%2F%2Farizona-miner.tk-none,0
http%3A%2F%2Fasia-mine.beeppool.org-none,0
http%3A%2F%2Fasia.monerise.com-none,0
http%3A%2F%2Fasia.x11.beeppool.org-none,0
http%3A%2F%2Fasset.nahnoji.cz-none,0
http%3A%2F%2Fat02.beeppool.org-none,0
http%3A%2F%2Fatomi.beeppool.org-none,0
http%3A%2F%2Fau2.beeppool.org-none,0
http%3A%2F%2Fau5.beeppool.org-none,0
http%3A%2F%2Fauroramine.com-none,0
http%3A%2F%2Fauth.crypto-webminer.com-none,0
http%3A%2F%2Fauthcaptcha.com-none,0
http%3A%2F%2Fauthedmine.eu-none,0
http%3A%2F%2Fauthedwebmine.cz-none,0
http%3A%2F%2Fauto.monerise.com-none,0
http%3A%2F%2Fautoconfig.nimiq.com-none,0
http%3A%2F%2Fautoconfig.nimiqpool.com-none,0
http%3A%2F%2Fautodiscover.nimiq.com-none,0
http%3A%2F%2Fautologica.ga-none,0
http%3A%2F%2Faveroconnector.com-none,0
http%3A%2F%2Fcode.ws-none,0
http%3A%2F%2Fcoin-hive.com-none,0
http%3A%2F%2Fcoinblind.com-none,0
http%3A%2F%2Fcoingive.com-none,0
http%3A%2F%2Fcoinhive.com-none,0
http%3A%2F%2Fcoinhive.info-none,0
http%3A%2F%2Fcoinhive.net-none,0
http%3A%2F%2Fcoinhive.org-none,0
http%3A%2F%2Fcoinhiver.com-none,0
http%3A%2F%2Fcoinhives.com-none,0
http%3A%2F%2Fcoinhub.win-none,0
http%3A%2F%2Fcoinimp.com-none,0
http%3A%2F%2Fcoinimp.net-none,0
http%3A%2F%2Fcoinive.com-none,0
http%3A%2F%2Fcoinjive.com-none,0
http%3A%2F%2Fcoinminingonline.com-none,0
http%3A%2F%2Fcoinnebula.com-none,0
http%3A%2F%2Fcoinpirate.cf-none,0
http%3A%2F%2Fcoinpot.co-none,0
http%3A%2F%2Fcoinworker.com-none,0
http%3A%2F%2Fcommunity.monerise.com-none,0
http%3A%2F%2Froneum.crypto-webminer.com-none,0
http%3A%2F%2Frove.cl-none,0
http%3A%2F%2Frtw.monerise.com-none,0
http%3A%2F%2Fs001.monerise.com-none,0
http%3A%2F%2Fs002.monerise.com-none,0
http%3A%2F%2Fs003.monerise.com-none,0
http%3A%2F%2Fs01.hostcontent.live-none,0
http%3A%2F%2Fs01.vidtod.me-none,0
http%3A%2F%2Fs02.beeppool.org-none,0
http%3A%2F%2Fs02.vidtod.me-none,0
http%3A%2F%2Fs03.hostcontent.live-none,0
http%3A%2F%2Fmwnodes.viaxmr.com-none,0
http%3A%2F%2Fmwor.gq-none,0
http%3A%2F%2Fmx.nimiq.com-none,0
http%3A%2F%2Fmyoffers.bid-none,0
http%3A%2F%2Fmywallet.beeppool.org-none,0
http%3A%2F%2Fna.monerise.com-none,0
http%3A%2F%2Fnablabee.com-none,0
http%3A%2F%2Fnadjibsoft.blogspot.com-none,0
http%3A%2F%2Fnahnoji.cz-none,0
http%3A%2F%2Fnametraff.com-none,0
http%3A%2F%2Fnapi-sumo.beeppool.org-none,0
http%3A%2F%2Fnec.beeppool.org-none,0
http%3A%2F%2Fnerohut.com-none,0
http%3A%2F%2Fs05.hostcontent.live-none,0
http%3A%2F%2Fsea2.authcaptcha.com-none,0
http%3A%2F%2Fsmartoffer.site-none,0
http%3A%2F%2Fstatic4.freebitco.in-none,0
http%3A%2F%2Fsunhd.info-none,0
http%3A%2F%2Ftercabilis.info-none,0
http%3A%2F%2Ftpb.tw-none,0
http%3A%2F%2Fus1.beeppool.org-none,0
http%3A%2F%2Fvot.beeppool.org-none,0
http%3A%2F%2Fwebmining.co-none,0
http%3A%2F%2Fgaypornwave.com-none,0
http%3A%2F%2Fgekko.coinnebula.com-none,0
http%3A%2F%2Fget.webxmr.com-none,0
http%3A%2F%2Fgetcryptotab.com-none,0
http%3A%2F%2Fgit.beeppool.org-none,0
http%3A%2F%2Fgo.bestmobiworld.com-none,0
http%3A%2F%2Fgoodkino.biz-none,0
http%3A%2F%2Fgoxmrminer.com-none,0
http%3A%2F%2Fgraft.monerise.com-none,0
http%3A%2F%2Fgramombird.com-none,0
http%3A%2F%2Fgridcash.net-none,0
http%3A%2F%2Fgulf.moneroocean.stream-none,0
http%3A%2F%2Fhash.minexmr.stream-none,0
http%3A%2F%2Fhashforcash.us-none,0
http%3A%2F%2Fhashing.win-none,0
http%3A%2F%2Fhashto.cash-none,0
http%3A%2F%2Fhashvault.pro-none,0
http%3A%2F%2Fhhb123.tk-none,0
http%3A%2F%2Fhive.tubetitties.com-none,0
http%3A%2F%2Fhiy.vidzi.tv-none,0
http%3A%2F%2Fwww.monad.network-none,0
http%3A%2F%2Fwww.monerise.com-none,0
http%3A%2F%2Fwww.monero-miner.net-none,0
http%3A%2F%2Fwww.moneroocean.stream-none,0
http%3A%2F%2Fwww.monitoringservice.co-none,0
http%3A%2F%2Fwww.monkeyminer.net-none,0
http%3A%2F%2Fwww.moonbit.co.in-none,0
http%3A%2F%2Fwww.mwor.gq-none,0
http%3A%2F%2Fwww.nablabee.com-none,0
http%3A%2F%2Fwww.nahnoji.cz-none,0
http%3A%2F%2Fwww.nerohut.com-none,0
http%3A%2F%2Fwww.nfwebminer.com-none,0
http%3A%2F%2Fwww.niematego.tk-none,0
http%3A%2F%2Fwww.nimiq.com-none,0
http%3A%2F%2Fwww.nimiq.watch-none,0
http%3A%2F%2Fwww.nimiqpool.com-none,0
http%3A%2F%2Fwww.noblock.pro-none,0
http%3A%2F%2Fwww.notmining.org-none,0
http%3A%2F%2Fm1.stream.vidzi.tv-none,0
http%3A%2F%2Fm1.streaming.estream.to-none,0
http%3A%2F%2Fm2.stream.vidzi.tv-none,0
http%3A%2F%2Fm2.streaming.estream.to-none,0
http%3A%2F%2Fmachieved.com-none,0
http%3A%2F%2Fmail.nimiq.com-none,0
http%3A%2F%2Fmail.webmine.cz-none,0
http%3A%2F%2Fmebablo.com-none,0
http%3A%2F%2Fmepirtedic.com-none,0
http%3A%2F%2Fstatic5.freebitco.in-none,0
http%3A%2F%2Fstatic6.freebitco.in-none,0
http%3A%2F%2Fstatic7.freebitco.in-none,0
http%3A%2F%2Fstatic8.freebitco.in-none,0
http%3A%2F%2Fstaticsfs.host-none,0
http%3A%2F%2Fstatistic.date-none,0
http%3A%2F%2Fstatpipe.ru-none,0
http%3A%2F%2Fstats.cryptotab.net-none,0
http%3A%2F%2Fstats.infogenservice.com-none,0
http%3A%2F%2Fstats.nimiq-network.com-none,0
http%3A%2F%2Fwww.altpool.pro-none,0
http%3A%2F%2Fwww.anime.reactor.cc-none,0
http%3A%2F%2Fwww.auroramine.com-none,0
http%3A%2F%2Fwww.authcaptcha.com-none,0
http%3A%2F%2Fwww.authedwebmine.cz-none,0
http%3A%2F%2Fwww.autologica.ga-none,0
http%3A%2F%2Fwww.axoncoho.tk-none,0
http%3A%2F%2Fwww.baiduccdn1.com-none,0
http%3A%2F%2Fvpn2.beeppool.org-none,0
http%3A%2F%2Fvuryua.ru-none,0
http%3A%2F%2Fvuuwd.com-none,0
http%3A%2F%2Fwallet.brominer.com-none,0
http%3A%2F%2Fwasm.stream-none,0
http%3A%2F%2Fwbmwss.beetv.net-none,0
http%3A%2F%2Fwdc.beeppool.org-none,0
http%3A%2F%2Fweb-can-1.inf.nimiq.network-none,0
http%3A%2F%2Fweb-deu-1.inf.nimiq.network-none,0
http%3A%2F%2Fweb-pol-1.inf.nimiq.network-none,0
http%3A%2F%2Fweb.minr.pw-none,0
http%3A%2F%2Fwebchain.beeppool.org-none,0
http%3A%2F%2Fwebminer.c3pool.com-none,0
http%3A%2F%2Fwebminer.pro-none,0
http%3A%2F%2Fwebminerpool.com-none,0
http%3A%2F%2Fwww.wss.nablabee.com-none,0
http%3A%2F%2Fwww.ww8.adminer.com-none,0
http%3A%2F%2Fwww.www1.2giga.link-none,0
http%3A%2F%2Fwww.xmrpool.net-none,0
http%3A%2F%2Fwww.youporn.sexy-none,0
http%3A%2F%2Fwww.zlx.com.br-none,0
http%3A%2F%2Fwww1.2giga.link-none,0
http%3A%2F%2Fwww2.2giga.link-none,0
http%3A%2F%2Fwww3.2giga.link-none,0
http%3A%2F%2Fwww4.2giga.link-none,0
http%3A%2F%2Fwww5.2giga.link-none,0
http%3A%2F%2Fwww6.2giga.link-none,0
http%3A%2F%2Fwww7.2giga.link-none,0
http%3A%2F%2Fxcoin.beeppool.org-none,0
http%3A%2F%2Fwww.devappgrant.space-none,0
http%3A%2F%2Fwww.dmdamedia.hu-none,0
http%3A%2F%2Fwww.easyhash.io-none,0
http%3A%2F%2Fwww.et-code.ru-none,0
http%3A%2F%2Fws023.beeppool.org-none,0
http%3A%2F%2Fws03.coinnebula.com-none,0
http%3A%2F%2Fws03.crypto-loot.com-none,0
http%3A%2F%2Faeon.hashvault.pro-none,0
http%3A%2F%2Faeros01.tk-none,0
http%3A%2F%2Fahoyhyperbay.com-none,0
http%3A%2F%2Fahoypiratebaai.eu-none,0
http%3A%2F%2Fairproxyunblocked.org-none,0
http%3A%2F%2Faleinvest.xyz-none,0
http%3A%2F%2Fallfontshere.press-none,0
http%3A%2F%2Falpha3.beeppool.org-none,0
http%3A%2F%2Falpha5.beeppool.org-none,0
http%3A%2F%2Famerica.monerise.com-none,0
http%3A%2F%2Fplay.tercabilis.info-none,0
http%3A%2F%2Fplay.video2.stream.vidzi.tv-none,0
http%3A%2F%2Fplay.vidzi.tv-none,0
http%3A%2F%2Fplay.xmr.101010.pl-none,0
http%3A%2F%2Fpocketgolf.host-none,0
http%3A%2F%2Fpool-de.supportxmr.com-none,0
http%3A%2F%2Fpool.aeon.hashvault.pro-none,0
http%3A%2F%2Fpool.cloudcoins.co-none,0
http%3A%2F%2Fpool.cryptopay.org.za-none,0
http%3A%2F%2Fpool.graft.hashvault.pro-none,0
http%3A%2F%2Fpool.minexmr.com-none,0
http%3A%2F%2Fpool.nimiq.watch-none,0
http%3A%2F%2Fpool.supportxmr.com-none,0
http%3A%2F%2Fpool.tdcoincore.org-none,0
http%3A%2F%2Fpool.torrent.pw-none,0
http%3A%2F%2Fpool2.torrent.pw-none,0
http%3A%2F%2Fpoolrelay.beeppool.org-none,0
http%3A%2F%2Fppoi.org-none,0
http%3A%2F%2Fpr0gram.org-none,0
http%3A%2F%2Fpremiumstats.xyz-none,0
http%3A%2F%2Fde.moneroocean.stream-none,0
http%3A%2F%2Fdekoder.ws-none,0
http%3A%2F%2Fdemo.nimiq.com-none,0
http%3A%2F%2Fdemo.webxmr.com-none,0
http%3A%2F%2Fdero.monerise.com-none,0
http%3A%2F%2Fdev-deu-1.inf.nimiq.network-none,0
http%3A%2F%2Fdevappgrant.space-none,0
http%3A%2F%2Fdigi.beeppool.org-none,0
http%3A%2F%2Fdigxmr.com-none,0
http%3A%2F%2Fdirectprimal.com-none,0
http%3A%2F%2Fdl.browsermine.com-none,0
http%3A%2F%2Fdmdamedia.hu-none,0
http%3A%2F%2Fdns11.beeppool.org-none,0
http%3A%2F%2Fdns7.beeppool.org-none,0
http%3A%2F%2Fdon.beeppool.org-none,0
http%3A%2F%2Fdrm.beeppool.org-none,0
http%3A%2F%2Fdsc.beeppool.org-none,0
http%3A%2F%2Fdutch.beeppool.org-none,0
http%3A%2F%2Fb.proxy4.nullrefexcep.com-none,0
http%3A%2F%2Fbablace.com-none,0
http%3A%2F%2Fback4.2giga.link-none,0
http%3A%2F%2Fbackupexplorer.beeppool.org-none,0
http%3A%2F%2Fbaiduccdn1.com-none,0
http%3A%2F%2Fbajarlo.net-none,0
http%3A%2F%2Fbasepush.com-none,0
http%3A%2F%2Fbaypirateproxy.org-none,0
http%3A%2F%2Fbaypirateproxy.pw-none,0
http%3A%2F%2Fbayunblocked.eu-none,0
http%3A%2F%2Fbci-eu.beeppool.org-none,0
http%3A%2F%2Fbecanium.com-none,0
http%3A%2F%2Fbeeppool.org-none,0
http%3A%2F%2Fbefirstcdn.com-none,0
http%3A%2F%2Fbesocial.online-none,0
http%3A%2F%2Fblox.minexmr.com-none,0
http%3A%2F%2Fcdn.cloudcoins.co-none,0
http%3A%2F%2Fcomwww.beeppool.org-none,0
http%3A%2F%2Fcryptonoter.torrent.pw-none,0
http%3A%2F%2Fde.cookiescript.info-none,0
http%3A%2F%2Feasy.beeppool.org-none,0
http%3A%2F%2Fethereum-pocket.eu-none,0
http%3A%2F%2Fflashx.co-none,0
http%3A%2F%2Fgay-hotvideo.net-none,0
http%3A%2F%2Fhk.rs-none,0
http%3A%2F%2Fjqcdn01.herokuapp.com-none,0
http%3A%2F%2Fns1.freecontent.com-none,0
http%3A%2F%2Fns2.cryptosearch.site-none,0
http%3A%2F%2Fns2.cryptotab.net-none,0
http%3A%2F%2Fns2.freecontent.com-none,0
http%3A%2F%2Fnullrefexcep.com-none,0
http%3A%2F%2Fobject.de-none,0
http%3A%2F%2Foc.monerise.com-none,0
http%3A%2F%2Focean2.directprimal.com-none,0
http%3A%2F%2Foei1.gq-none,0
http%3A%2F%2Fofferreality.com-none,0
http%3A%2F%2Fogrid.org-none,0
http%3A%2F%2Fold.browsermine.com-none,0
http%3A%2F%2Fs2.tercabilis.info-none,0
http%3A%2F%2Fs2.video2.stream.vidzi.tv-none,0
http%3A%2F%2Fs2.vidtod.me-none,0
http%3A%2F%2Fs2p.estream.to-none,0
http%3A%2F%2Fs3.crypto-webminer.com-none,0
http%3A%2F%2Fs3.gasolina.ml-none,0
http%3A%2F%2Fs3.play.estream.to-none,0
http%3A%2F%2Fs3.play.vidzi.tv-none,0
http%3A%2F%2Fsunnimiq.cf-none,0
http%3A%2F%2Fsunnimiq3.cf-none,0
http%3A%2F%2Fsunnimiq4.cf-none,0
http%3A%2F%2Fsunnimiq5.cf-none,0
http%3A%2F%2Fsunnimiq6.cf-none,0
http%3A%2F%2Fsupport.2giga.link-none,0
http%3A%2F%2Fsupportxmr.com-none,0
http%3A%2F%2Fsweetbook.net-none,0
http%3A%2F%2Fswiftmining.win-none,0
http%3A%2F%2Fsxcdn1.herokuapp.com-none,0
http%3A%2F%2Fsxcdn5.herokuapp.com-none,0
http%3A%2F%2Ftdcoincore.org-none,0
http%3A%2F%2Ftechhome-js.github.io-none,0
http%3A%2F%2Ftechtricksworld.com-none,0
http%3A%2F%2Fwww.kinohabr.net-none,0
http%3A%2F%2Fwww.kisshentai.net-none,0
http%3A%2F%2Fwww.lag.beeppool.org-none,0
http%3A%2F%2Fwww.laserveradedomaina.com-none,0
http%3A%2F%2Fwww.likeminer.nablabee.com-none,0
http%3A%2F%2Fwww.torrent.pw-none,0
http%3A%2F%2Fwww.tubetitties.com-none,0
http%3A%2F%2Fwww.turnsocial.com-none,0
http%3A%2F%2Fwww.vcrypt.net-none,0
http%3A%2F%2Fwww.viaxmr.com-none,0
http%3A%2F%2Fwww.vkcdnservice.com-none,0
http%3A%2F%2Fwww.wallet.brominer.com-none,0
http%3A%2F%2Fwww.hostingcloud.party-none,0
http%3A%2F%2Fwww.mmc.center-none,0
http%3A%2F%2Fwww.streamplay.me-none,0
http%3A%2F%2Fwww.todogecoin.biz-none,0
http%3A%2F%2Fwww.wasm.stream-none,0
http%3A%2F%2Fxhv-au.beeppool.org-none,0
http%3A%2F%2Fzen-tw.beeppool.org-none,0
http%3A%2F%2Faxoncoho.tk-none,0
http%3A%2F%2Flan.datasecu.download-none,0
http%3A%2F%2Fron.si-none,0
http%3A%2F%2Fwww.freecontent.info-none,0
http%3A%2F%2Fhk08.beeppool.org-none,0
http%3A%2F%2Fhk9.beeppool.org-none,0
http%3A%2F%2Fhostcontent.live-none,0
http%3A%2F%2Fintersportv.com-none,0
http%3A%2F%2Finwemo.com-none,0
http%3A%2F%2Fio.beeppool.org-none,0
http%3A%2F%2Fipv6.freebitco.in-none,0
http%3A%2F%2Fit.cookiescript.info-none,0
http%3A%2F%2Fitsmyturn.nablabee.com-none,0
http%3A%2F%2Fjadepay-faucet.beeppool.org-none,0
http%3A%2F%2Fjasmine.noblock.pro-none,0
http%3A%2F%2Fjlzebszkilcz.ru-none,0
http%3A%2F%2Fjqassets.download-none,0
http%3A%2F%2Fcdn.inwemo.com-none,0
http%3A%2F%2Fcdn.minescripts.info-none,0
http%3A%2F%2Fcdn.nimiq.com-none,0
http%3A%2F%2Fcdn2.inwemo.com-none,0
http%3A%2F%2Fcdns.ws-none,0
http%3A%2F%2Fcfcd.duckdns.org-none,0
http%3A%2F%2Fcharlie.noblock.pro-none,0
http%3A%2F%2Fcharlie2.directprimal.com-none,0
http%3A%2F%2Fchmproxy.bid-none,0
http%3A%2F%2Fci.beeppool.org-none,0
http%3A%2F%2Fcieh.mx-none,0
http%3A%2F%2Fclgserv.pro-none,0
http%3A%2F%2Fcloud-miner.de-none,0
http%3A%2F%2Fcloud-miner.eu-none,0
http%3A%2F%2Fcloudcoins.co-none,0
http%3A%2F%2Fcn-wallet-generator.hashvault.pro-none,0
http%3A%2F%2Fcname.beeppool.org-none,0
http%3A%2F%2Fcnhv.co-none,0
http%3A%2F%2Fcnt.st-none,0
http%3A%2F%2Fsnapshot.beeppool.org-none,0
http%3A%2F%2Fsolo-etig.beeppool.org-none,0
http%3A%2F%2Fsolo-vdl.beeppool.org-none,0
http%3A%2F%2Fsolo-xsg.beeppool.org-none,0
http%3A%2F%2Fspacepools.org-none,0
http%3A%2F%2Fsportstream365.com-none,0
http%3A%2F%2Fsr.cookiescript.info-none,0
http%3A%2F%2Fsrcu.com-none,0
http%3A%2F%2Fsrv01.bitcoiner.win-none,0
http%3A%2F%2Fstage.beeppool.org-none,0
http%3A%2F%2Fstaging.webxmr.com-none,0
http%3A%2F%2Fstat.maalaimalar.com-none,0
http%3A%2F%2Fstatdynamic.com-none,0
http%3A%2F%2Fstati.in-none,0
http%3A%2F%2Fstatic-net.nut.cc-none,0
http%3A%2F%2Fstatic.freebitco.in-none,0
http%3A%2F%2Fstatic1.freebitco.in-none,0
http%3A%2F%2Fstatic2.freebitco.in-none,0
http%3A%2F%2Fstatic3.freebitco.in-none,0
http%3A%2F%2Feasyhash.de-none,0
http%3A%2F%2Feasyhash.io-none,0
http%3A%2F%2Febt.beeppool.org-none,0
http%3A%2F%2Fec2-13-58-215-234.us-east-2.compute.amazonaws.com-none,0
http%3A%2F%2Fecportaluat.beeppool.org-none,0
http%3A%2F%2Feeme7j.win-none,0
http%3A%2F%2Felectroneum.hashvault.pro-none,0
http%3A%2F%2Felectroneum.monerise.com-none,0
http%3A%2F%2Felthamely.com-none,0
http%3A%2F%2Felya.beeppool.org-none,0
http%3A%2F%2Femp.beeppool.org-none,0
http%3A%2F%2Fen.cookiescript.info-none,0
http%3A%2F%2Fen.crypto-webminer.com-none,0
http%3A%2F%2Ferp.beeppool.org-none,0
http%3A%2F%2Fes.cookiescript.info-none,0
http%3A%2F%2Festream.to-none,0
http%3A%2F%2Fet-code.ru-none,0
http%3A%2F%2Fetc-eu.beeppool.org-none,0
http%3A%2F%2Feth-pocket.com-none,0
http%3A%2F%2Feth-pocket.de-none,0
http%3A%2F%2Feth-pocket.eu-none,0
http%3A%2F%2Fethereum-pocket.de-none,0
http%3A%2F%2Fconhive.com-none,0
http%3A%2F%2Fcookiescript.info-none,0
http%3A%2F%2Fcookiescriptcdn.pro-none,0
http%3A%2F%2Fcpcontacts.beeppool.org-none,0
http%3A%2F%2Fcpufan.club-none,0
http%3A%2F%2Fcrypto-loot.com-none,0
http%3A%2F%2Fcrypto-pool.fr-none,0
http%3A%2F%2Fcrypto-webminer.com-none,0
http%3A%2F%2Fcryptobara.com-none,0
http%3A%2F%2Fcryptoblocks.site-none,0
http%3A%2F%2Fcryptonoter.com-none,0
http%3A%2F%2Flaserveradedomaina.com-none,0
http%3A%2F%2Fledhenone.com-none,0
http%3A%2F%2Flewd.ninja-none,0
http%3A%2F%2Flib.rus.ec-none,0
http%3A%2F%2Flight.browsermine.com-none,0
http%3A%2F%2Flightminer.co-none,0
http%3A%2F%2Flikeminer.nablabee.com-none,0
http%3A%2F%2Flink-ip.beeppool.org-none,0
http%3A%2F%2Flivelyoffers.club-none,0
http%3A%2F%2Flivestatsnet.services-none,0
http%3A%2F%2Flosital.ru-none,0
http%3A%2F%2Flottery-lists.freebitco.in-none,0
http%3A%2F%2Fltcp.beeppool.org-none,0
http%3A%2F%2Flumeneo.beeppool.org-none,0
http%3A%2F%2Flyra2rev3.beeppool.org-none,0
http%3A%2F%2Fm.miricommunity.net-none,0
http%3A%2F%2Fm001.monerise.com-none,0
http%3A%2F%2Fws02.coinnebula.com-none,0
http%3A%2F%2Fws02.crypto-loot.com-none,0
http%3A%2F%2Fws02.ppoi.org-none,0
http%3A%2F%2Fxmr-useast1.beeppool.org-none,0
http%3A%2F%2Fxmr.101010.pl-none,0
http%3A%2F%2Fxmr.co-none,0
http%3A%2F%2Fxmr.crypto-pool.fr-none,0
http%3A%2F%2Fxmr.omine.org-none,0
http%3A%2F%2Fxmr1.crypto-pool.fr-none,0
http%3A%2F%2Fxmr3.crypto-pool.fr-none,0
http%3A%2F%2Fxmr5.crypto-pool.fr-none,0
http%3A%2F%2Fxmr6.beeppool.org-none,0
http%3A%2F%2Fxmr6.crypto-pool.fr-none,0
http%3A%2F%2Fxmr7.crypto-pool.fr-none,0
http%3A%2F%2Fxmr8.crypto-pool.fr-none,0
http%3A%2F%2Fxmrpool.net-none,0
http%3A%2F%2Fxrn.beeppool.org-none,0
http%3A%2F%2Fyac.beeppool.org-none,0
http%3A%2F%2Fyou.tubetitties.com-none,0
http%3A%2F%2Fyouporn.sexy-none,0
http%3A%2F%2Fzano.beeppool.org-none,0
http%3A%2F%2Fzcl-eu.beeppool.org-none,0
http%3A%2F%2Fzclassic.beeppool.org-none,0
http%3A%2F%2Fzeit.beeppool.org-none,0
http%3A%2F%2Fflashx.pw-none,0
http%3A%2F%2Fformulawire.com-none,0
http%3A%2F%2Fforrealzpiratebay.org-none,0
http%3A%2F%2Ffortpush.com-none,0
http%3A%2F%2Ffortrader.ru-none,0
http%3A%2F%2Ffoxx.to-none,0
http%3A%2F%2Ffr.cookiescript.info-none,0
http%3A%2F%2Ffr.wdc.beeppool.org-none,0
http%3A%2F%2Ffr1.monerise.com-none,0
http%3A%2F%2Ffree4faucet.com-none,0
http%3A%2F%2Ffreebitco.in-none,0
http%3A%2F%2Ffreecontent.bid-none,0
http%3A%2F%2Ffreecontent.date-none,0
http%3A%2F%2Ffreecontent.info-none,0
http%3A%2F%2Ffreecontent.net-none,0
http%3A%2F%2Ffreecontent.stream-none,0
http%3A%2F%2Ffreecontent.trade-none,0
http%3A%2F%2Ffreeproxy.ro-none,0
http%3A%2F%2Fftp.freecontent.info-none,0
http%3A%2F%2Ffuteboltv.com-none,0
http%3A%2F%2Fganymed.beeppool.org-none,0
http%3A%2F%2Fgasolina.ml-none,0
http%3A%2F%2Fpromo.nimiq.com-none,0
http%3A%2F%2Fproxy.multikonline.ru-none,0
http%3A%2F%2Fproxy.nullrefexcep.com-none,0
http%3A%2F%2Fproxy2.nullrefexcep.com-none,0
http%3A%2F%2Fproxy3.nullrefexcep.com-none,0
http%3A%2F%2Fproxy5.nullrefexcep.com-none,0
http%3A%2F%2Fproxy7.nullrefexcep.com-none,0
http%3A%2F%2Fproxy8.nullrefexcep.com-none,0
http%3A%2F%2Fproxy9.nullrefexcep.com-none,0
http%3A%2F%2Fproxyindia.net-none,0
http%3A%2F%2Fproxytpb.pw-none,0
http%3A%2F%2Fpunchsub.net-none,0
http%3A%2F%2Fpushno.com-none,0
http%3A%2F%2Fquestionfly.com-none,0
http%3A%2F%2Freauthenticator.com-none,0
http%3A%2F%2Frepo.nimiq.com-none,0
http%3A%2F%2Frock.reauthenticator.com-none,0
http%3A%2F%2Frocks.io-none,0
http%3A%2F%2Fwebsocket.minexmr.stream-none,0
http%3A%2F%2Fwebxmr.com-none,0
http%3A%2F%2Fwemine.pro-none,0
http%3A%2F%2Fwilf.cn-none,0
http%3A%2F%2Fwordc.ga-none,0
http%3A%2F%2Fworker.minero.cc-none,0
http%3A%2F%2Fwpcdn1.herokuapp.com-none,0
http%3A%2F%2Fws.webcaster.pro-none,0
http%3A%2F%2Fwww.oei1.gq-none,0
http%3A%2F%2Fwww.papoto.com-none,0
http%3A%2F%2Fwww.pebx.pl-none,0
http%3A%2F%2Fwww.pocketgolf.host-none,0
http%3A%2F%2Fwww.ppoi.org-none,0
http%3A%2F%2Fwww.punchsub.net-none,0
http%3A%2F%2Fwww.refresh-js.bitbucket.io-none,0
http%3A%2F%2Fus1.monerise.com-none,0
http%3A%2F%2Fus2.monerise.com-none,0
http%3A%2F%2Fus5.beeppool.org-none,0
http%3A%2F%2Fvcrypt.net-none,0
http%3A%2F%2Fverifier.live-none,0
http%3A%2F%2Fveritrol.com-none,0
http%3A%2F%2Fviaxmr.com-none,0
http%3A%2F%2Fvideo.stream.vidzi.tv-none,0
http%3A%2F%2Fvideo.streaming.estream.to-none,0
http%3A%2F%2Fvideo2.stream.vidzi.tv-none,0
http%3A%2F%2Fvideoplayer2.xyz-none,0
http%3A%2F%2Fvideos.vidto.me-none,0
http%3A%2F%2Fvidfile.net-none,0
http%3A%2F%2Fvidzi.tv-none,0
http%3A%2F%2Fvkcdnservice.appspot.com-none,0
http%3A%2F%2Fvkcdnservice.com-none,0
http%3A%2F%2Fadrenali.gq-none,0
http%3A%2F%2Fanalytics.blue-none,0
http%3A%2F%2Fapi.ppoi.org-none,0
http%3A%2F%2Fws03cn.streamplay.to-none,0
http%3A%2F%2Fws05.crypto-loot.com-none,0
http%3A%2F%2Fws09.crypto-loot.com-none,0
http%3A%2F%2Fws1.minr.pw-none,0
http%3A%2F%2Fws12.crypto-loot.com-none,0
http%3A%2F%2Fws13.crypto-loot.com-none,0
http%3A%2F%2Fws14.crypto-loot.com-none,0
http%3A%2F%2Fws15.crypto-loot.com-none,0
http%3A%2F%2Fws16.crypto-loot.com-none,0
http%3A%2F%2Fws17.crypto-loot.com-none,0
http%3A%2F%2Fws18.crypto-loot.com-none,0
http%3A%2F%2Fws19.crypto-loot.com-none,0
http%3A%2F%2Fws46.crypto-loot.com-none,0
http%3A%2F%2Fws47.crypto-loot.com-none,0
http%3A%2F%2Fws50.crypto-loot.com-none,0
http%3A%2F%2Fwss-1.monerise.com-none,0
http%3A%2F%2Fwss-2.monerise.com-none,0
http%3A%2F%2Fwss.nablabee.com-none,0
http%3A%2F%2Fwtm.monitoringservice.co-none,0
http%3A%2F%2Fww1.beeppool.org-none,0
http%3A%2F%2Fww3.beeppool.org-none,0
http%3A%2F%2Fww8.adminer.com-none,0
http%3A%2F%2Fwww.2giga.link-none,0
http%3A%2F%2Fwww.aba.ae-none,0
http%3A%2F%2Fwww.acbp0020171456.page.tl-none,0
http%3A%2F%2Fwww.ad-miner.com-none,0
http%3A%2F%2Fwww.adbtc.top-none,0
http%3A%2F%2Fwww.adminer.com-none,0
http%3A%2F%2Fwww.aeros01.tk-none,0
http%3A%2F%2Fwww.beeppool.org-none,0
http%3A%2F%2Fwww.befirstcdn.com-none,0
http%3A%2F%2Fwww.besocial.online-none,0
http%3A%2F%2Fwww.besti.ga-none,0
http%3A%2F%2Fwww.bestmobiworld.com-none,0
http%3A%2F%2Fwww.brominer.com-none,0
http%3A%2F%2Fwww.c7e935.netlify.com-none,0
http%3A%2F%2Fwww.capodannoinversilia.com-none,0
http%3A%2F%2Fwww.cdn.nablabee.com-none,0
http%3A%2F%2Fwww.cdns.ws-none,0
http%3A%2F%2Fwww.cfcd.duckdns.org-none,0
http%3A%2F%2Fwww.chmproxy.bid-none,0
http%3A%2F%2Fwww.cloud-miner.eu-none,0
http%3A%2F%2Fwww.cloudcoins.co-none,0
http%3A%2F%2Fmonero-miner.net-none,0
http%3A%2F%2Fmonero.crypto-pool.fr-none,0
http%3A%2F%2Fmonero.hashvault.pro-none,0
http%3A%2F%2Fmonero.monerise.com-none,0
http%3A%2F%2Fmoneroocean.stream-none,0
http%3A%2F%2Fmonitoringservice.co-none,0
http%3A%2F%2Fmonkeyminer.net-none,0
http%3A%2F%2Fmoonbit.co.in-none,0
http%3A%2F%2Fmoonify.io-none,0
http%3A%2F%2Fmsg-2.me-none,0
http%3A%2F%2Fmultipools.beeppool.org-none,0
http%3A%2F%2Fmutuza.win-none,0
http%3A%2F%2Ftest-api-explorer.beeppool.org-none,0
http%3A%2F%2Ftest-explorer.beeppool.org-none,0
http%3A%2F%2Ftest.minr.pw-none,0
http%3A%2F%2Ftestnet.webxmr.com-none,0
http%3A%2F%2Ftheappguruz.com-none,0
http%3A%2F%2Fthevideo.ch-none,0
http%3A%2F%2Fthewhizmarketing.com-none,0
http%3A%2F%2Fthewhizproducts.com-none,0
http%3A%2F%2Fthewise.com-none,0
http%3A%2F%2Fto.beeppool.org-none,0
http%3A%2F%2Ftodogecoin.biz-none,0
http%3A%2F%2Ftor.monerise.com-none,0
http%3A%2F%2Ftorrent.pw-none,0
http%3A%2F%2Fnew.minr.pw-none,0
http%3A%2F%2Fnexioniect.com-none,0
http%3A%2F%2Fnextbdom.ru-none,0
http%3A%2F%2Fnfwebminer.com-none,0
http%3A%2F%2Fngrft.beeppool.org-none,0
http%3A%2F%2Fniematego.tk-none,0
http%3A%2F%2Fnimiq.com-none,0
http%3A%2F%2Fnimiq.watch-none,0
http%3A%2F%2Fnimiqpool.com-none,0
http%3A%2F%2Fnl.cookiescript.info-none,0
http%3A%2F%2Fnl1.monerise.com-none,0
http%3A%2F%2Fnoasic.beeppool.org-none,0
http%3A%2F%2Fnoblock.pro-none,0
http%3A%2F%2Fnode.viaxmr.com-none,0
http%3A%2F%2Fnode9.nimiq-network.com-none,0
http%3A%2F%2Fnodes.viaxmr.com-none,0
http%3A%2F%2Fnotmining.org-none,0
http%3A%2F%2Fmfio.cf-none,0
http%3A%2F%2Fmin.imageflux.cf-none,0
http%3A%2F%2Fmine.torrent.pw-none,0
http%3A%2F%2Fmine2-party.nablabee.com-none,0
http%3A%2F%2Fminecrunch.co-none,0
http%3A%2F%2Fminekitten.io-none,0
http%3A%2F%2Fminer.beeppool.org-none,0
http%3A%2F%2Fminer.nimiq.com-none,0
http%3A%2F%2Fminerad.com-none,0
http%3A%2F%2Fminerclaim.net-none,0
http%3A%2F%2Fminero.cc-none,0
http%3A%2F%2Fwww.conhive.com-none,0
http%3A%2F%2Fwww.cookiescript.info-none,0
http%3A%2F%2Fwww.crypto-loot.com-none,0
http%3A%2F%2Fwww.crypto-pool.fr-none,0
http%3A%2F%2Fwww.cryptonoter.com-none,0
http%3A%2F%2Fwww.cryptosearch.site-none,0
http%3A%2F%2Fwww.cryptotab.net-none,0
http%3A%2F%2Fwww.cryptown.netlify.com-none,0
http%3A%2F%2Fwww.fblaster.com-none,0
http%3A%2F%2Fwww.fili.cc-none,0
http%3A%2F%2Fwww.fili.tv-none,0
http%3A%2F%2Fwww.flare-analytics.com-none,0
http%3A%2F%2Fwww.flashx.co-none,0
http%3A%2F%2Fwww.fortrader.ru-none,0
http%3A%2F%2Fwww.foxx.to-none,0
http%3A%2F%2Fwww.fr-none,0
http%3A%2F%2Fwww.free4faucet.com-none,0
http%3A%2F%2Fwww.freebitco.in-none,0
http%3A%2F%2F01.beeppool.org-none,0
http%3A%2F%2F2giga.link-none,0
http%3A%2F%2F50-50-pool.burst.beeppool.org-none,0
http%3A%2F%2F50bots.nullrefexcep.com-none,0
http%3A%2F%2Fa.proxy4.nullrefexcep.com-none,0
http%3A%2F%2Fa.proxy5.nullrefexcep.com-none,0
http%3A%2F%2Faba.ae-none,0
http%3A%2F%2Facbp0020171456.page.tl-none,0
http%3A%2F%2Facm.beeppool.org-none,0
http%3A%2F%2Factivation.nimiq.com-none,0
http%3A%2F%2Fad-miner.com-none,0
http%3A%2F%2Fadbtc.top-none,0
http%3A%2F%2Fadmin.beeppool.org-none,0
http%3A%2F%2Fadminer.com-none,0
http%3A%2F%2Fwww.mfio.cf-none,0
http%3A%2F%2Fwww.mine2-party.nablabee.com-none,0
http%3A%2F%2Fwww.minecrunch.co-none,0
http%3A%2F%2Fwww.minekitten.io-none,0
http%3A%2F%2Fwww.miner.nablabee.com-none,0
http%3A%2F%2Fwww.minerclaim.net-none,0
http%3A%2F%2Fwww.minero.cc-none,0
http%3A%2F%2Fwww.minero.pw-none,0
http%3A%2F%2Fwww.minexmr.com-none,0
http%3A%2F%2Fwww.minexmr.stream-none,0
http%3A%2F%2Fwww.minr.pw-none,0
http%3A%2F%2Fandrew.nullrefexcep.com-none,0
http%3A%2F%2Fanime.reactor.cc-none,0
http%3A%2F%2Fanx.beeppool.org-none,0
http%3A%2F%2Fanybest.site-none,0
http%3A%2F%2Fapi-backup.viaxmr.com-none,0
http%3A%2F%2Fapi-etn.beeppool.org-none,0
http%3A%2F%2Fapi.crypto-loot.com-none,0
http%3A%2F%2Fapi.inwemo.com-none,0
http%3A%2F%2Fapi.miner.beeppool.org-none,0
http%3A%2F%2Fapi.minero.cc-none,0
http%3A%2F%2Fapi.monerise.com-none,0
http%3A%2F%2Fapi.moneroocean.stream-none,0
http%3A%2F%2Fcryptopay.org.za-none,0
http%3A%2F%2Fcryptosearch.site-none,0
http%3A%2F%2Fcryptotab.net-none,0
http%3A%2F%2Fcryptown.netlify.com-none,0
http%3A%2F%2Fctrb.jscdndel.com-none,0
http%3A%2F%2Fctroneum.crypto-webminer.com-none,0
http%3A%2F%2Fd.greece-search.com-none,0
http%3A%2F%2Fd1e1rbybdt265x.cloudfront.net-none,0
http%3A%2F%2Fd3ahinqqx1dy5v.cloudfront.net-none,0
http%3A%2F%2Fd3ddidv77grh0f.cloudfront.net-none,0
http%3A%2F%2Fd3iz6lralvg77g.cloudfront.net-none,0
http%3A%2F%2Fdashboard.inwemo.com-none,0
http%3A%2F%2Fdashboard.monerise.com-none,0
http%3A%2F%2Fdatasecu.download-none,0
http%3A%2F%2Fdcr-cd.beeppool.org-none,0
http%3A%2F%2Fwww.igrid.org-none,0
http%3A%2F%2Fwww.ininmacerad.pro-none,0
http%3A%2F%2Fwww.inwemo.com-none,0
http%3A%2F%2Fwww.itsmyturn.nablabee.com-none,0
http%3A%2F%2Fwww.jqcdn01.herokuapp.com-none,0
http%3A%2F%2Fwww.jqcdn03.herokuapp.com-none,0
http%3A%2F%2Fwww.jqcdn2.herokuapp.com-none,0
http%3A%2F%2Fwww.supportxmr.com-none,0
http%3A%2F%2Fwww.supportxmr.com.cdn.cloudflare.net-none,0
http%3A%2F%2Fwww.sxcdn1.herokuapp.com-none,0
http%3A%2F%2Fwww.sxcdn5.herokuapp.com-none,0
http%3A%2F%2Fwww.techtricksworld.com-none,0
http%3A%2F%2Fwww.theappguruz.com-none,0
http%3A%2F%2Fwww.thelifeisbinary.netlify.com-none,0
http%3A%2F%2Fwww.thepiratebay.cr-none,0
http%3A%2F%2Fwww.thepiratebay.wtf-none,0
http%3A%2F%2Fwww.thewhizmarketing.com-none,0
http%3A%2F%2Fwww.thewhizproducts.com-none,0
http%3A%2F%2Fwww.thewise.com-none,0
http%3A%2F%2Folecintri.com-none,0
http%3A%2F%2Fomine.org-none,0
http%3A%2F%2Fon.animeteatr.ru-none,0
http%3A%2F%2Forb.beeppool.org-none,0
http%3A%2F%2Fp.estream.to-none,0
http%3A%2F%2Fpanelsave.com-none,0
http%3A%2F%2Fpapoto.com-none,0
http%3A%2F%2Fpartner.beeppool.org-none,0
http%3A%2F%2Fpebx.pl-none,0
http%3A%2F%2Fpertholin.com-none,0
http%3A%2F%2Fpietpiraat.org-none,0
http%3A%2F%2Fpirata.pw-none,0
http%3A%2F%2Fpirataibay.in-none,0
http%3A%2F%2Fpirate.be-none,0
http%3A%2F%2Fpiratebay.tel-none,0
http%3A%2F%2Fs3.tercabilis.info-none,0
http%3A%2F%2Fs3.video2.stream.vidzi.tv-none,0
http%3A%2F%2Fs3.vidtod.me-none,0
http%3A%2F%2Fs3p.estream.to-none,0
http%3A%2F%2Fsa.monerise.com-none,0
http%3A%2F%2Fscriptproxy.pie.net.pk-none,0
http%3A%2F%2Fsdfsf.freecontent.date-none,0
http%3A%2F%2Fs1.vidtod.me-none,0
http%3A%2F%2Fs10.beeppool.org-none,0
http%3A%2F%2Fs100.hostcontent.live-none,0
http%3A%2F%2Fs11.hostcontent.live-none,0
http%3A%2F%2Fs12.hostcontent.live-none,0
http%3A%2F%2Fs15.hostcontent.live-none,0
http%3A%2F%2Fs2.play.estream.to-none,0
http%3A%2F%2Fs2.play.vidzi.tv-none,0
http%3A%2F%2Fstone2.authcaptcha.com-none,0
http%3A%2F%2Fstratum-uk.beeppool.org-none,0
http%3A%2F%2Fstratum8.beeppool.org-none,0
http%3A%2F%2Fstreamdream.ws-none,0
http%3A%2F%2Fstreamplay.me-none,0
http%3A%2F%2Fstreamplay.to-none,0
http%3A%2F%2Fsumo.hashvault.pro-none,0
http%3A%2F%2Fsumokoin.hashvault.pro-none,0
http%3A%2F%2Fws45.crypto-loot.com-none,0
http%3A%2F%2Fwww.be-none,0
http%3A%2F%2Fwww.cody.services-none,0
http%3A%2F%2Fwww.coinworker.com-none,0
http%3A%2F%2Fbesstahete.info-none,0
http%3A%2F%2Fbestcoinsignals.com-none,0
http%3A%2F%2Fbesti.ga-none,0
http%3A%2F%2Fbestmobiworld.com-none,0
http%3A%2F%2Fbeta.monerise.com-none,0
http%3A%2F%2Fbewaslac.com-none,0
http%3A%2F%2Fbiberukalap.com-none,0
http%3A%2F%2Fbinarybusiness.de-none,0
http%3A%2F%2Fbip.beeppool.org-none,0
http%3A%2F%2Fbitcoin-pay.eu-none,0
http%3A%2F%2Fbizoninvest.com-none,0
http%3A%2F%2Fblog.beeppool.org-none,0
http%3A%2F%2Fm1.monerise.com-none,0
http%3A%2F%2Fminero.pw-none,0
http%3A%2F%2Fmonerise.com-none,0
http%3A%2F%2Fmwallet1.beeppool.org-none,0
http%3A%2F%2Fnew.browsermine.com-none,0
http%3A%2F%2Fns0.freecontent.com-none,0
http%3A%2F%2Foldtips.beeppool.org-none,0
http%3A%2F%2Fpiratebay.to-none,0
http%3A%2F%2Fplay.streaming.estream.to-none,0
http%3A%2F%2Fprojectpoi.com-none,0
