http%3A%2F%2Fdonripo.com-none,1
http%3A%2F%2Fcannabiscultura.com-none,1
http%3A%2F%2Fhhmds.com-none,1
http%3A%2F%2Fsaintclaretschoolnptap.org-none,1
http%3A%2F%2Fmontforthazaribag.in-none,1
http%3A%2F%2Fthethao60.com-none,1
http%3A%2F%2Fourladysschooltvr.org-none,1
http%3A%2F%2Fwebdesign-mne.ir-none,1
http%3A%2F%2Fdberukkancheryfsm.org-none,1
http%3A%2F%2Fdbmatricpannur.org-none,1
http%3A%2F%2Fgrimaldispurghi.com-none,1
http%3A%2F%2Fgrimaldispurghi.it-none,1
http%3A%2F%2Fndmcsociety.com-none,1
http%3A%2F%2Fpoloclub-bayern.com-none,1
http%3A%2F%2Finmfmaalumni.com-none,1
http%3A%2F%2Fkenesix.it-none,1
http%3A%2F%2Fbongnn.com-none,1
http%3A%2F%2Fdonboscoayanavaram.com-none,1
http%3A%2F%2Fautono1.com.vn-none,1
http%3A%2F%2Fra-energygroup.com-none,1
http%3A%2F%2Ffallicocostruzioni.it-none,1
http%3A%2F%2Ffiatfriendlyhome.com-none,1
http%3A%2F%2Fstjohnsschoolgym.org-none,1
http%3A%2F%2Fstjosephjakhama.ac.in-none,1
http%3A%2F%2Fsiddarthahighschools.com-none,1
http%3A%2F%2Fauxiliumvaduvanchal.org-none,1
http%3A%2F%2Fwistak.ir-none,1
http%3A%2F%2Fdbpondy.org-none,1
http%3A%2F%2Fstcharlesyercaud.com-none,1
http%3A%2F%2Foicsociety.com-none,1
http%3A%2F%2Fsfsvaniyambadi.org-none,1
http%3A%2F%2Finegozidigangi.it-none,1
http%3A%2F%2Fdbvellore.org-none,1
http%3A%2F%2Fraghavsociety.com-none,1
http%3A%2F%2Ffujiton.vn-none,1
http%3A%2F%2Falster-parket.ru-none,1
http%3A%2F%2Favto-pokras.ru-none,1
http%3A%2F%2Fxn--80adsuqeh.xn--p1ai-none,1
http%3A%2F%2Ftsarsenal.ru-none,1
http%3A%2F%2Fvladosteopract.ru-none,1
http%3A%2F%2Fsaphirehotel.com-none,0
http%3A%2F%2Fchaoun.org-none,0
http%3A%2F%2Fgrowknowledge.net-none,0
http%3A%2F%2Fretronics.pl-none,0
http%3A%2F%2Frukodikontrakandibalikpapan.com-none,0
http%3A%2F%2Fsamandyvonne.com-none,0
http%3A%2F%2Fsamirae.de-none,0
http%3A%2F%2Fcatlitteronline.info-none,0
http%3A%2F%2Forenmed.ru-none,0
http%3A%2F%2Forgplastik.ru-none,0
http%3A%2F%2Falsscanmodel.com-none,0
http%3A%2F%2Fppt-property.com-none,0
http%3A%2F%2Fstart-peugeot.com-none,0
http%3A%2F%2Fmadoare-npula.com-none,0
http%3A%2F%2Fnextlayerweb.com-none,0
http%3A%2F%2Fbitcoin4.us-none,0
http%3A%2F%2Fforumkobiet.net-none,0
http%3A%2F%2Fforumwarszawa.com.pl-none,0
http%3A%2F%2Fshcprod.com-none,0
http%3A%2F%2Ftaunggaksih.com-none,0
http%3A%2F%2Fkkkosmonosy.cz-none,0
http%3A%2F%2Fdesene-animate-dublate-in-romania.blogspot.com-none,0
http%3A%2F%2Fdigitalstudio.sk-none,0
http%3A%2F%2Fcontec.cv-none,0
http%3A%2F%2Ffrutaslessa.com.br-none,0
http%3A%2F%2F618lab.com-none,0
http%3A%2F%2Fewil.name-none,0
http%3A%2F%2Fcost.af-none,0
http%3A%2F%2Fvistadesarrollos.com-none,0
http%3A%2F%2Fbioras.petnica.rs-none,0
http%3A%2F%2Fmilamo.ru-none,0
http%3A%2F%2Fshreeadisoft.com-none,0
http%3A%2F%2Fvega-tracking.com-none,0
http%3A%2F%2Fdewlock.com-none,0
http%3A%2F%2Fdewlock.com.au-none,0
http%3A%2F%2Fdewlockerp.com-none,0
http%3A%2F%2Ffoodandincome.net-none,0
http%3A%2F%2Flegalassent.com-none,0
http%3A%2F%2Fmonerominer.rocks-none,0
http%3A%2F%2Fpromdiag39.com-none,0
http%3A%2F%2Fbuderusstore.com-none,0
http%3A%2F%2Foistrakh.ru-none,0
http%3A%2F%2Fgslaw77.ru-none,0
http%3A%2F%2Fegovexport.com-none,0
http%3A%2F%2Fegovexport.ru-none,0
http%3A%2F%2F9xen.com-none,0
http%3A%2F%2Feasycream.ru-none,0
http%3A%2F%2Faflubin.ru-none,0
http%3A%2F%2Fallodecor.ru-none,0
http%3A%2F%2Fproflevel.ru-none,0
http%3A%2F%2Fprofsvet.su-none,0
http%3A%2F%2Fdws-g.com-none,0
http%3A%2F%2Fkrasniygorod.ru-none,0
http%3A%2F%2Ftst17.ru-none,0
http%3A%2F%2Frdv23.ru-none,0
http%3A%2F%2Ffresh-stirka.ru-none,0
http%3A%2F%2Fgeo-lex.ru-none,0
http%3A%2F%2Feach1.net-none,0
http%3A%2F%2Fpolskiekino.ie-none,0
http%3A%2F%2F96o69.com-none,0
http%3A%2F%2Fvkr-bb.de-none,0
http%3A%2F%2Fde-ner-mi-nis4.info-none,0
http%3A%2F%2Funic-autopaints.by-none,0
http%3A%2F%2Fimagepost.ru-none,0
http%3A%2F%2Fgardensantafe.com.mx-none,0
http%3A%2F%2Fremontgeneratora.spb.ru-none,0
http%3A%2F%2Fupakservice.by-none,0
http%3A%2F%2F15dle.ru-none,0
http%3A%2F%2Fner-de-mi-nis-6.info-none,0
http%3A%2F%2Fbitcoin-office.com-none,1
http%3A%2F%2Fecn.world-none,1
http%3A%2F%2Fiskenderunbetondelmekesme.com-none,0
http%3A%2F%2Fbaburyumurta.com-none,0
http%3A%2F%2Filimtekniktorna.com-none,0
http%3A%2F%2Filimtorna.com.tr-none,0
http%3A%2F%2Fmersinbetondelmekesme.com-none,0
http%3A%2F%2Fmersinbinayikimkirim.com-none,0
http%3A%2F%2Fmersinkarot.com-none,0
http%3A%2F%2Fadanabinayikimkirim.com-none,0
http%3A%2F%2Fadanakiralikjcb.com-none,0
http%3A%2F%2Fadanaminiismakinalari.com-none,0
http%3A%2F%2Fgunduzcelik.com-none,0
http%3A%2F%2Fguvenfirca.com-none,0
http%3A%2F%2Fowl.ru-none,0
http%3A%2F%2Fww38.mi-de-ner-nis3.info-none,0
http%3A%2F%2Fnabaza.com-none,0
http%3A%2F%2Ftrubadurtillfest.se-none,0
http%3A%2F%2Fokgoals.com-none,0
http%3A%2F%2Fbusnesia.com-none,0
http%3A%2F%2Fampliasrl.it-none,0
http%3A%2F%2Fwidodogroho.com-none,0
http%3A%2F%2Fbfw-gartenbau.ch-none,0
http%3A%2F%2Fnaijaactive.com-none,0
http%3A%2F%2Fverifyaccess.net-none,0
http%3A%2F%2Fresidenzapantheonroma.it-none,0
http%3A%2F%2Frevejo.com-none,0
http%3A%2F%2Frexel.co.in-none,0
http%3A%2F%2Frfv-voyage.com-none,0
http%3A%2F%2Fridertraining.biz-none,0
http%3A%2F%2Frlfreeman.co.uk-none,0
http%3A%2F%2Frms-montessori.org-none,0
http%3A%2F%2Frobinepc.com-none,0
http%3A%2F%2Fronitkoren.com-none,0
http%3A%2F%2Froot-top.com-none,0
http%3A%2F%2Frranime.com-none,0
http%3A%2F%2Fruspostsoft.ru-none,0
http%3A%2F%2Fsaludidea.com-none,0
http%3A%2F%2Fsamanthajohnson.co.uk-none,0
http%3A%2F%2Fsangha.vn-none,0
http%3A%2F%2Fsarzaminhayedoor.ir-none,0
http%3A%2F%2Fsatelitski-internet.si-none,0
http%3A%2F%2Feliasmatt.de-none,0
http%3A%2F%2Felperiodiquito.com-none,0
http%3A%2F%2Femail-vzlom.com-none,0
http%3A%2F%2Femambagher.com-none,0
http%3A%2F%2Fesmienvio.com-none,0
http%3A%2F%2Fespner.com-none,0
http%3A%2F%2Fesprit-mun.com-none,0
http%3A%2F%2Festudiodiezarteyarquitectura.es-none,0
http%3A%2F%2Feth-pocket.com-none,0
http%3A%2F%2Fethereum-cashcard.com-none,0
http%3A%2F%2Fethereum-pocket.com-none,0
http%3A%2F%2Feuropcar-corse.com-none,0
http%3A%2F%2Fevacaldeiramarques.org-none,0
http%3A%2F%2Feverylife.vn-none,0
http%3A%2F%2Fevidencia.de-none,0
http%3A%2F%2F1866dobooks.com-none,0
http%3A%2F%2Fadultcomicstory.blogspot.com-none,0
http%3A%2F%2Fantonova-event.ru-none,0
http%3A%2F%2Fminemoneroonline.com-none,0
http%3A%2F%2Fmirayama.tumblr.com-none,0
http%3A%2F%2Fmoiecodom.ru-none,0
http%3A%2F%2Fmoldoplastico.com-none,0
http%3A%2F%2Fmonolittour.lviv.ua-none,0
http%3A%2F%2Fmoonbit.co.in-none,0
http%3A%2F%2Fmoondash.co.in-none,0
http%3A%2F%2Fmoondoge.co.in-none,0
http%3A%2F%2Fmoonliteco.in-none,0
http%3A%2F%2Fmosig.de-none,0
http%3A%2F%2Fmosque-annour.org-none,0
http%3A%2F%2Fmotocity26.ru-none,0
http%3A%2F%2Fmountainsport.de-none,0
http%3A%2F%2Fmpz-askona.ru-none,0
http%3A%2F%2Fmr-dou16.ru-none,0
http%3A%2F%2Fmr-dou19.ru-none,0
http%3A%2F%2Fmr-dou24.ru-none,0
http%3A%2F%2Fmr-dou29.ru-none,0
http%3A%2F%2Fmr-dou3.ru-none,0
http%3A%2F%2Fmr-dou37.ru-none,0
http%3A%2F%2Fbyron-bagattoni.com-none,0
http%3A%2F%2Fbyvanie.aj.zajtra.eu-none,0
http%3A%2F%2Fcarbonell-beauxartsgallery.com-none,0
http%3A%2F%2Fcars-world.org-none,0
http%3A%2F%2Fcat3plus.com-none,0
http%3A%2F%2Fcatchmichaeljackson.com-none,0
http%3A%2F%2Fcentralineauto.it-none,0
http%3A%2F%2Fcentroequestretravanino.com-none,0
http%3A%2F%2Fcertifiedappliancecare.com-none,0
http%3A%2F%2Fchabbot.com-none,0
http%3A%2F%2Fcheckin-bg.com-none,0
http%3A%2F%2Fthebestcasescenario.com-none,0
http%3A%2F%2Fthegratitudelist.net-none,0
http%3A%2F%2Fthemultipage.altervista.org-none,0
http%3A%2F%2Ftheonline-game.ru-none,0
http%3A%2F%2Fthesourwarhead.com-none,0
http%3A%2F%2Fthevoicekid.com-none,0
http%3A%2F%2Fthisischichi.co.uk-none,0
http%3A%2F%2Fthrudd.com-none,0
http%3A%2F%2Ftike2kalam.r98.ir-none,0
http%3A%2F%2Ftiketpesawatklaten.blogspot.com-none,0
http%3A%2F%2Ftimelessyoga.co.uk-none,0
http%3A%2F%2Ftivan-company.com-none,0
http%3A%2F%2Ftka.ir-none,0
http%3A%2F%2Finvestcurb.com-none,0
http%3A%2F%2Fioclnrsociety.com-none,0
http%3A%2F%2Fissngo.org-none,0
http%3A%2F%2Fittex.ru-none,0
http%3A%2F%2Fjakwejscnakarachan.wordpress.com-none,0
http%3A%2F%2Fjamestice.com-none,0
http%3A%2F%2Fjessica-chastain.org-none,0
http%3A%2F%2Fjezerolhota.cz-none,0
http%3A%2F%2Fjim.si-none,0
http%3A%2F%2Fjk-mosfilm.ru-none,0
http%3A%2F%2Fjk-rublevskie-ogni.ru-none,0
http%3A%2F%2Fjk-vesna.ru-none,0
http%3A%2F%2Fjournalcra.com-none,0
http%3A%2F%2Fjsecoin.com-none,0
http%3A%2F%2Fjuegoswap.mobi-none,0
http%3A%2F%2Fkafudenki.com-none,0
http%3A%2F%2Fkaraotecamidi.blogspot.com-none,0
http%3A%2F%2Fkass-d.ru-none,0
http%3A%2F%2Fkatfile.com-none,0
http%3A%2F%2Fkatjaschmidt.net-none,0
http%3A%2F%2Fkaulingcomputerservices.ca-none,0
http%3A%2F%2Foootorgmaster.ru-none,0
http%3A%2F%2Foptima-toner.ru-none,0
http%3A%2F%2Fopuree.com-none,0
http%3A%2F%2Foriginalni-darky-pro-muze.net-none,0
http%3A%2F%2Fornati.ge-none,0
http%3A%2F%2Fosteopatiterapi.com-none,0
http%3A%2F%2Fosteriadelmercato.it-none,0
http%3A%2F%2Fouksekissondon.net-none,0
http%3A%2F%2Fourladyoflourdessheffield.org.uk-none,0
http%3A%2F%2Fafrec.org-none,0
http%3A%2F%2Fakefoon.ir-none,0
http%3A%2F%2Falaisys.com-none,0
http%3A%2F%2Falexandrermakov.ru-none,0
http%3A%2F%2Falfa-opora.ru-none,0
http%3A%2F%2Falifnagri.com-none,0
http%3A%2F%2Faljazair1.com-none,0
http%3A%2F%2Faltyngold.ru-none,0
http%3A%2F%2Famadvertising.in-none,0
http%3A%2F%2Famdcapital.com-none,0
http%3A%2F%2Famlakparnian.ir-none,0
http%3A%2F%2Fanalytics.blue-none,0
http%3A%2F%2Fandjoy-folio.org-none,0
http%3A%2F%2Fandroidlearn1.rozblog.com-none,0
http%3A%2F%2Fanime-vf.fr-none,0
http%3A%2F%2Fanimesanimadosportugal.blogspot.com-none,0
http%3A%2F%2Fanitube.se-none,0
http%3A%2F%2Fwaptrick.com-none,0
http%3A%2F%2Fwassmuffin.com-none,0
http%3A%2F%2Fweb.themergerart.com-none,0
http%3A%2F%2Fwebminer.top-none,0
http%3A%2F%2Fwebmining.co-none,0
http%3A%2F%2Fwelmicron.com-none,0
http%3A%2F%2Fwestmanga.info-none,0
http%3A%2F%2Fwilfredvanderweide.com-none,0
http%3A%2F%2Fwinwin-store.com-none,0
http%3A%2F%2Fworkstudios.co.uk-none,0
http%3A%2F%2Fworldofami.com-none,0
http%3A%2F%2Fwrepnig.org-none,0
http%3A%2F%2Fwrosoftware.com-none,0
http%3A%2F%2Fwse.fr-none,0
http%3A%2F%2Fww1.machieved.com-none,0
http%3A%2F%2Fww38.offerreality.com-none,0
http%3A%2F%2Fww38.webminerpool.com-none,0
http%3A%2F%2Fxcellview.com-none,0
http%3A%2F%2Fxeberdar.net-none,0
http%3A%2F%2Fcover-wall.com-none,0
http%3A%2F%2Fcpufan.club-none,0
http%3A%2F%2Fcruzeirodecodecais.net-none,0
http%3A%2F%2Fcrypto4mum.com-none,0
http%3A%2F%2Fcryptobara.com-none,0
http%3A%2F%2Fcryptomundo.com-none,0
http%3A%2F%2Fcryptonoter.com-none,0
http%3A%2F%2Fcvt.sk-none,0
http%3A%2F%2Fd-fond.ru-none,0
http%3A%2F%2Fdasvn.com-none,0
http%3A%2F%2Fdattack.org-none,0
http%3A%2F%2Fdbegmoreprimary.org-none,0
http%3A%2F%2Fgiaothuongtrungviet.com-none,0
http%3A%2F%2Fgidrolok.ru-none,0
http%3A%2F%2Fgirotorrent.org-none,0
http%3A%2F%2Fgixmi.com-none,0
http%3A%2F%2Fgnipping.eu-none,0
http%3A%2F%2Fgodbound.com-none,0
http%3A%2F%2Fgramombird.com-none,0
http%3A%2F%2Fgramsby.me-none,0
http%3A%2F%2Fgreaterteacherstest.com-none,0
http%3A%2F%2Fgreenvillebaptistri.org-none,0
http%3A%2F%2Fgruzovik62.ru-none,0
http%3A%2F%2Fpornovenezolano.com.ve-none,0
http%3A%2F%2Fposthemes.com-none,0
http%3A%2F%2Fpotolok-center.ru-none,0
http%3A%2F%2Fpozemne-stavby.eu-none,0
http%3A%2F%2Fprados.fr-none,0
http%3A%2F%2Fprestavamkourit.cz-none,0
http%3A%2F%2Fprimrosepartnership.com-none,0
http%3A%2F%2Fprodejbytupraha.com-none,0
http%3A%2F%2Fprodusenkaoskaki.com-none,0
http%3A%2F%2Fprogambler.co.uk-none,0
http%3A%2F%2Fpronajembytubezrealitky.com-none,0
http%3A%2F%2Fsky-miracle.ru-none,0
http%3A%2F%2Fsoca.cv-none,0
http%3A%2F%2Fsockey.com.ua-none,0
http%3A%2F%2Fsoft95.ru-none,0
http%3A%2F%2Fsokigrante.pl-none,0
http%3A%2F%2Fsopm.cz-none,0
http%3A%2F%2Fsoundmixed.com-none,0
http%3A%2F%2Fspacepools.org-none,0
http%3A%2F%2Fspesifikasilaptop.net-none,0
http%3A%2F%2Fspessartimker.de-none,0
http%3A%2F%2Fspk.id.au-none,0
http%3A%2F%2Fsportlar.ru-none,0
http%3A%2F%2Fstenllyremeselnik.sk-none,0
http%3A%2F%2Flitcentr.in.ua-none,0
http%3A%2F%2Flithaco.com-none,0
http%3A%2F%2Flivingincolorblog.com-none,0
http%3A%2F%2Flmctn.sk-none,0
http%3A%2F%2Flordrus.ru-none,0
http%3A%2F%2Flovelypeonies.com-none,0
http%3A%2F%2Flubluokna.ru-none,0
http%3A%2F%2Fluga1news.ru-none,0
http%3A%2F%2Fmacligtv.pw-none,0
http%3A%2F%2Fmahjong.nu-none,0
http%3A%2F%2Fmailer66.com-none,0
http%3A%2F%2Fmanego.com-none,0
http%3A%2F%2Fmangahentai.xyz-none,0
http%3A%2F%2Fmangarussia.com-none,0
http%3A%2F%2Fmanumarine.com-none,0
http%3A%2F%2Fmarketsmedia.com-none,0
http%3A%2F%2Fmaxdeportv.net-none,0
http%3A%2F%2Fmcfc-fan.ru-none,0
http%3A%2F%2Fmebelniycentr.com.ua-none,0
http%3A%2F%2Fnewchannel.ru-none,0
http%3A%2F%2Fnewmentions.com-none,0
http%3A%2F%2Fnewmentions.nl-none,0
http%3A%2F%2Fnewworldparty.org-none,0
http%3A%2F%2Fnextecnologia.com.br-none,0
http%3A%2F%2Fniftymagician.com-none,0
http%3A%2F%2Fnjnuodun.cn-none,0
http%3A%2F%2Fnjnuodun.com-none,0
http%3A%2F%2Fnocsteam.it-none,0
http%3A%2F%2Fnorman-group.ru-none,0
http%3A%2F%2Fnovelepubs.com-none,0
http%3A%2F%2Fnovinplastic.ir-none,0
http%3A%2F%2Fnwoo.org-none,0
http%3A%2F%2Fnyiracsadkonyvtar.hu-none,0
http%3A%2F%2Foccrc.org-none,0
http%3A%2F%2Foe7mfi.at-none,0
http%3A%2F%2Foimarketing.ca-none,0
http%3A%2F%2Folivierfrance.com-none,0
http%3A%2F%2Favtodetal23.ru-none,0
http%3A%2F%2Fayaz-aktau.kz-none,0
http%3A%2F%2Fbandtillfest.com-none,0
http%3A%2F%2Fbangbangbabes.com-none,0
http%3A%2F%2Fbardpartners.com-none,0
http%3A%2F%2Fbauhaeusler.info-none,0
http%3A%2F%2Fbeauxartsgallery.net-none,0
http%3A%2F%2Fbeganabytok.sk-none,0
http%3A%2F%2Fbehinsabz.ir-none,0
http%3A%2F%2Fbellathorne.net-none,0
http%3A%2F%2Fbestrefback4u.com-none,0
http%3A%2F%2Fbestvideoporn.biz-none,0
http%3A%2F%2Fbewaslac.com-none,0
http%3A%2F%2Fbitcoin-cashcard.com-none,0
http%3A%2F%2Fbitcoinwalls.com-none,0
http%3A%2F%2Fbkbajoriaschool.org-none,0
http%3A%2F%2Funivercell-biosolutions.com-none,0
http%3A%2F%2Furbanicaboston.com-none,0
http%3A%2F%2Furlaubsuedfrankreich.com-none,0
http%3A%2F%2Furquellwasser.eu-none,0
http%3A%2F%2Fvafa.ir-none,0
http%3A%2F%2Fvalaisfilms.ch-none,0
http%3A%2F%2Fvallikkatt.com-none,0
http%3A%2F%2Fvanderkam.net-none,0
http%3A%2F%2Fvanocni-koledy.com-none,0
http%3A%2F%2Fvanshikainfosys.com-none,0
http%3A%2F%2Fvarietyindustrial.com-none,0
http%3A%2F%2Fvastumahima.in-none,0
http%3A%2F%2Fvasudevinfra.com-none,0
http%3A%2F%2Fflagmancars.kz-none,0
http%3A%2F%2Fflexible-strip-brush.com-none,0
http%3A%2F%2Fflexible-strip-brushes.com-none,0
http%3A%2F%2Fflexiblestripbrush.com-none,0
http%3A%2F%2Fflexiblestripbrushes.com-none,0
http%3A%2F%2Ffly-mama.ru-none,0
http%3A%2F%2Ffondrodynykolgofer.com-none,0
http%3A%2F%2Ffores-tehno.com.ua-none,0
http%3A%2F%2Fformat163.ru-none,0
http%3A%2F%2Ffoxbypitech.com-none,0
http%3A%2F%2Fmediatrunk.net-none,0
http%3A%2F%2Fmindofladymargaret.com-none,0
http%3A%2F%2Fmr-dou44.ru-none,0
http%3A%2F%2Fnavaroli.com-none,0
http%3A%2F%2Fonsoni.blogspot.com-none,0
http%3A%2F%2Foxbysgarage.co.uk-none,0
http%3A%2F%2Fpathrick.com-none,0
http%3A%2F%2Fpornomobil.cz-none,0
http%3A%2F%2Fpronajembytupraha.net-none,0
http%3A%2F%2Fregalassociates.com-none,0
http%3A%2F%2Fsatistrading.com-none,0
http%3A%2F%2Fsivasmidtown.com-none,0
http%3A%2F%2Fyedstorysex.blogspot.com-none,0
http%3A%2F%2Fyemalilar.com-none,0
http%3A%2F%2Fyonsit.com-none,0
http%3A%2F%2Fyoogood.blogspot.com-none,0
http%3A%2F%2Fyour-daily-income.com-none,0
http%3A%2F%2Fzachetkaonline.ru-none,0
http%3A%2F%2Fzhyarkala.com-none,0
http%3A%2F%2Fzioiran.com-none,0
http%3A%2F%2Fzlewak.pl-none,0
http%3A%2F%2Fzonestrenos.com-none,0
http%3A%2F%2Fzooey-deschanel.com-none,0
http%3A%2F%2Fdoorbin.net-none,0
http%3A%2F%2Fdoorsrnd.ru-none,0
http%3A%2F%2Fdostavka95.ru-none,0
http%3A%2F%2Fdownloadanddroid.com-none,0
http%3A%2F%2Fdpost.co.il-none,0
http%3A%2F%2Fdreadscout.com-none,0
http%3A%2F%2Fdream71.com-none,0
http%3A%2F%2Fdrekro.sk-none,0
http%3A%2F%2Fdrfarshidporkar.com-none,0
http%3A%2F%2Fdrivealivedrivingschool.co.za-none,0
http%3A%2F%2Fdrsajjadi.com-none,0
http%3A%2F%2Fdrubadu.de-none,0
http%3A%2F%2Fdudash.dev-none,0
http%3A%2F%2Feasyhash.de-none,0
http%3A%2F%2Febizpro.pl-none,0
http%3A%2F%2Fecigaretyjoyetech.cz-none,0
http%3A%2F%2Feditions-syrtes.com-none,0
http%3A%2F%2Fekogazaktau.kz-none,0
http%3A%2F%2F10linetv.com-none,0
http%3A%2F%2F123-musik.de-none,0
http%3A%2F%2Fpaulandersonscottishfiddler.com-none,0
http%3A%2F%2Fpautech.net-none,0
http%3A%2F%2Fpavesi.co.uk-none,0
http%3A%2F%2Fpayesh24.ir-none,0
http%3A%2F%2Fpeceoecigaretu.cz-none,0
http%3A%2F%2Fpeliculas-cine.com-none,0
http%3A%2F%2Fpentagonus.ru-none,0
http%3A%2F%2Fperfilesweb.com-none,0
http%3A%2F%2Fphenix-security.fr-none,0
http%3A%2F%2Fphotayimplants.co.uk-none,0
http%3A%2F%2Fphotolucid.co.uk-none,0
http%3A%2F%2Fpies.sk-none,0
http%3A%2F%2Fpietech.edu.in-none,0
http%3A%2F%2Fpitasl.com-none,0
http%3A%2F%2Fpizza-pizza.com-none,0
http%3A%2F%2Fpizzaraffaello.fr-none,0
http%3A%2F%2Fplagiarist.com-none,0
http%3A%2F%2Fplay-scapes.com-none,0
http%3A%2F%2Fpoolegp14.co.uk-none,0
http%3A%2F%2Fpop-catastrophe.co.uk-none,0
http%3A%2F%2Fsvechamunicipal.ru-none,0
http%3A%2F%2Fswahilisoft.net-none,0
http%3A%2F%2Fswatgeneration.blog-none,0
http%3A%2F%2Fswatgeneration.com-none,0
http%3A%2F%2Ftaj.com.pl-none,0
http%3A%2F%2Ftalawa.fr-none,0
http%3A%2F%2Ftantonest.com-none,0
http%3A%2F%2Ftatjanacatic.com-none,0
http%3A%2F%2Ftatonefiori.it-none,0
http%3A%2F%2Ftattoo30rus.ru-none,0
http%3A%2F%2Ftcj.gov.ge-none,0
http%3A%2F%2Ftdf66.ru-none,0
http%3A%2F%2Ftehnomarket.ru-none,0
http%3A%2F%2Fteltlanyok.com-none,0
http%3A%2F%2Fterrassedejardin.fr-none,0
http%3A%2F%2Fterritorytorgestva.ru-none,0
http%3A%2F%2Fteshinpe.com-none,0
http%3A%2F%2Ftest.svadba-kursk.ru-none,0
http%3A%2F%2Ftexaswaterpolo.org-none,0
http%3A%2F%2Ftextilprofi.ru-none,0
http%3A%2F%2Ftgldavao.com-none,0
http%3A%2F%2Fscborsigwaldejugend.de-none,0
http%3A%2F%2Fscenesdargens.fr-none,0
http%3A%2F%2Fschirleysilva.com-none,0
http%3A%2F%2Fschrabbel-punk.me-none,0
http%3A%2F%2Fschwarzbold.com-none,0
http%3A%2F%2Fscreenhumor.com-none,0
http%3A%2F%2Fsdradioonline.com-none,0
http%3A%2F%2Fsecretmeats.wordpress.com-none,0
http%3A%2F%2Fsenhoracalcinha.com.br-none,0
http%3A%2F%2Fseriedragonball.com-none,0
http%3A%2F%2Fserv1swork.com-none,0
http%3A%2F%2Fsexole.com-none,0
http%3A%2F%2Fsexzarja.eu-none,0
http%3A%2F%2Fhome.portalcentraldecursos.com.br-none,0
http%3A%2F%2Fhopdata.com-none,0
http%3A%2F%2Fhotgirlspics.net-none,0
http%3A%2F%2Fhotmoza.com-none,0
http%3A%2F%2Fhrichard.com-none,0
http%3A%2F%2Fhubstrat.it-none,0
http%3A%2F%2Fhulkshare.com-none,0
http%3A%2F%2Fhundredclubofct.org-none,0
http%3A%2F%2Fhyatiy.top-none,0
http%3A%2F%2Fiacme.netlify.com-none,0
http%3A%2F%2Fidpoin.com-none,0
http%3A%2F%2Fiicbe.org-none,0
http%3A%2F%2Filkxeber.info-none,0
http%3A%2F%2Fimuna.sk-none,0
http%3A%2F%2Findiadreamholiday.com-none,0
http%3A%2F%2Findiana-travel.com.ua-none,0
http%3A%2F%2Finfcel.pt-none,0
http%3A%2F%2Finfergames.com-none,0
http%3A%2F%2Finfinonresearch.com-none,0
http%3A%2F%2Finteractivelearningnow.com-none,0
http%3A%2F%2Fkeneisold.com-none,0
http%3A%2F%2Fkinglps.com-none,0
http%3A%2F%2Fkomianos.gr-none,0
http%3A%2F%2Fkoreanbj.webcam-none,0
http%3A%2F%2Fkosovlaw.ru-none,0
http%3A%2F%2Fkovacstvo-fercanto.sk-none,0
http%3A%2F%2Fkplusslovakia.sk-none,0
http%3A%2F%2Fkritiki.gr-none,0
http%3A%2F%2Fkshoalarmservice.com-none,0
http%3A%2F%2Flaarkrecords.com-none,0
http%3A%2F%2Flabodhouib.com-none,0
http%3A%2F%2Flabrigada.net-none,0
http%3A%2F%2Flafouinedunet.com-none,0
http%3A%2F%2Flatincor.es-none,0
http%3A%2F%2Flesimtex.ru-none,0
http%3A%2F%2Flifeasset.org-none,0
http%3A%2F%2Flightminer.co-none,0
http%3A%2F%2Flightsketchstore.com-none,0
http%3A%2F%2Fmr-dou5.ru-none,0
http%3A%2F%2Fmr-dou9.ru-none,0
http%3A%2F%2Fmrrosieres.fr-none,0
http%3A%2F%2Fmsk-flot.ru-none,0
http%3A%2F%2Fmulherguerreira47.comunidades.net-none,0
http%3A%2F%2Fmusvozimbabwenews.com-none,0
http%3A%2F%2Fmydesiboobs.com-none,0
http%3A%2F%2Fmyphoneclub.com-none,0
http%3A%2F%2Fn2aa.org-none,0
http%3A%2F%2Fnametraff.com-none,0
http%3A%2F%2Fnapoleon55.ru-none,0
http%3A%2F%2Fnaprokat24.ru-none,0
http%3A%2F%2Fnasa.technology-none,0
http%3A%2F%2Fnashamama.com-none,0
http%3A%2F%2Fnatok.com-none,0
http%3A%2F%2Fnatok.org-none,0
http%3A%2F%2Fxn-----dlcbbrrhj1albahbvhjtku.xn--p1ai-none,0
http%3A%2F%2Fxn----7sbabcepl8bu9bcxkf7k.xn--p1ai-none,0
http%3A%2F%2Fxn----dtbg7ahaqef8a.xn--p1ai-none,0
http%3A%2F%2Fxn--12cm1c3a5ap6bydcyi2lzb.com-none,0
http%3A%2F%2Fxn--42cgj2dxbn2eyb2bxf.com-none,0
http%3A%2F%2Fxn--5-7sb6agjaceyd0ipb.xn--p1ai-none,0
http%3A%2F%2Fxn--72c0cjn1fva1d8c.com-none,0
http%3A%2F%2Fxn--80aaaafoucl6a2bzanq8c.xn--p1ai-none,0
http%3A%2F%2Fxn--80aea3adctbdmnrq4i.xn--p1ai-none,0
http%3A%2F%2Fxn--b1aaebeaw0bedcg1boe6a.xn--p1ai-none,0
http%3A%2F%2Fxn--b1aaeddpca5beh8aejf.xn--p1ai-none,0
http%3A%2F%2Fxn--b1ai6afe9cr.xn--p1ai-none,0
http%3A%2F%2Fxsmn.vn-none,0
http%3A%2F%2Fxsportshd.com-none,0
http%3A%2F%2Fxxxpeepz.com-none,0
http%3A%2F%2Fyarmyarch.com-none,0
http%3A%2F%2Fyashvasant.com-none,0
http%3A%2F%2Fblackdip.fr-none,0
http%3A%2F%2Fbloc-mining.com-none,0
http%3A%2F%2Fbodytalkradio.com-none,0
http%3A%2F%2Fbolshevik-spb.ru-none,0
http%3A%2F%2Fbombasquad.com-none,0
http%3A%2F%2Fbonogift.com-none,0
http%3A%2F%2Fbrahctopus.com-none,0
http%3A%2F%2Fbraviatech.com-none,0
http%3A%2F%2Fbreakingfeedz.com-none,0
http%3A%2F%2Fbrominer.com-none,0
http%3A%2F%2Fbrowsermine.com-none,0
http%3A%2F%2Fbrushsp.com-none,0
http%3A%2F%2Fbsefreetips.com-none,0
http%3A%2F%2Fbuhscheta.ru-none,0
http%3A%2F%2Fbusiness-connection.ru-none,0
http%3A%2F%2Fdddstar.sk-none,0
http%3A%2F%2Fdesignedforonline.com-none,0
http%3A%2F%2Fdiabaz74.ru-none,0
http%3A%2F%2Fdigitti.com.br-none,0
http%3A%2F%2Fdistribucia-potravin.sk-none,0
http%3A%2F%2Fdistriplusasia.com-none,0
http%3A%2F%2Fdivxonline.tv-none,0
http%3A%2F%2Fdizzymilfs.com-none,0
http%3A%2F%2Fdl.roadrunner5.net-none,0
http%3A%2F%2Fdnepr-viptv.at.ua-none,0
http%3A%2F%2Fdocturnal.com-none,0
http%3A%2F%2Fdomfordom.ru-none,0
http%3A%2F%2Fdominator-club.ru-none,0
http%3A%2F%2Fdominion-flats.ru-none,0
http%3A%2F%2Fchytrenacestu.cz-none,0
http%3A%2F%2Fcigue-music.com-none,0
http%3A%2F%2Fcinemabg.net-none,0
http%3A%2F%2Fcitadelsystems.eu-none,0
http%3A%2F%2Fcityplans4u.com-none,0
http%3A%2F%2Fcityplans4u.es-none,0
http%3A%2F%2Fclearomizery.cz-none,0
http%3A%2F%2Fclevers.ru-none,0
http%3A%2F%2Fclinicasonrisaperfecta.com-none,0
http%3A%2F%2Fclubimpositivo.com.py-none,0
http%3A%2F%2Fcmit22.ru-none,0
http%3A%2F%2Fcoinminingonline.com-none,0
http%3A%2F%2Fcoinpot.blog.ir-none,0
http%3A%2F%2Fcoinpot.co-none,0
http%3A%2F%2Fcokhitoanphat.com-none,0
http%3A%2F%2Fcolorobbiart.it-none,0
http%3A%2F%2Fconstruformamcr.com.br-none,0
http%3A%2F%2Fblackdip.com-none,0
http%3A%2F%2Fbuytobuy.ir-none,0
http%3A%2F%2Fchris-allen-lane.com-none,0
http%3A%2F%2Fconver.com.ua-none,0
http%3A%2F%2Fdonfilippo.ca-none,0
http%3A%2F%2Feldoggo.fr-none,0
http%3A%2F%2Fevimturkiye.ru-none,0
http%3A%2F%2Fflabs.kz-none,0
http%3A%2F%2Ffoxyasiamagazine.com-none,0
http%3A%2F%2Fgetallinsurance.com-none,0
http%3A%2F%2Fhollowprestige.com-none,0
http%3A%2F%2Fintrafit.ru-none,0
http%3A%2F%2Fkavkasenergoremonti.ge-none,0
http%3A%2F%2Fapplied-lichenology.com-none,0
http%3A%2F%2Faquacplus.de-none,0
http%3A%2F%2Farabcoegypt.com-none,0
http%3A%2F%2Farabxnx.com-none,0
http%3A%2F%2Faretsried.de-none,0
http%3A%2F%2Fatomattack.com-none,0
http%3A%2F%2Fatomicgardening.com-none,0
http%3A%2F%2Fattackontitanmanga.blogspot.com-none,0
http%3A%2F%2Fauctor.tv-none,0
http%3A%2F%2Faurimas.net-none,0
http%3A%2F%2Fausbauhaus.de-none,0
http%3A%2F%2Fautoscaner.com.ua-none,0
http%3A%2F%2Ftodaybitco.in-none,0
http%3A%2F%2Ftomadivx.tv-none,0
http%3A%2F%2Ftopadultwebcamsites.com-none,0
http%3A%2F%2Ftopcarvn.com-none,0
http%3A%2F%2Ftowerconstruction.mn-none,0
http%3A%2F%2Ftr.canakkaleisdunyasi.com-none,0
http%3A%2F%2Ftraffilm.net-none,0
http%3A%2F%2Ftumegahentaihd.blogspot.com-none,0
http%3A%2F%2Fturtle.atpool.party-none,0
http%3A%2F%2Ftvtuga.com-none,0
http%3A%2F%2Ftweettunnel.com-none,0
http%3A%2F%2Ftwitlan.com-none,0
http%3A%2F%2Fubeautu.com-none,0
http%3A%2F%2Fukfilmy.pl-none,0
http%3A%2F%2Fumsete-port.com-none,0
http%3A%2F%2Fvermusica.com-none,0
http%3A%2F%2Fverygoodpost.com-none,0
http%3A%2F%2Fveryliberating.co.uk-none,0
http%3A%2F%2Fvetechindia.com-none,0
http%3A%2F%2Fvetsalary.ir-none,0
http%3A%2F%2Fvillarepublique-normandie.com-none,0
http%3A%2F%2Fvinadomitia.com-none,0
http%3A%2F%2Fvintekcontrolsystems.com-none,0
http%3A%2F%2Fvirtualdump.net-none,0
http%3A%2F%2Fvistaprintdeals.com-none,0
http%3A%2F%2Fvividpesticides.com-none,0
http%3A%2F%2Fvodo-pribor.su-none,0
http%3A%2F%2Fvoetjobs.nl-none,0
http%3A%2F%2Fvse-o-trude.ru-none,0
http%3A%2F%2Fpronia.es-none,0
http%3A%2F%2Fprotonwebmaster.site-none,0
http%3A%2F%2Fprovereno-na-sebe.ru-none,0
http%3A%2F%2Fpvcar.sk-none,0
http%3A%2F%2Fquemas.fr-none,0
http%3A%2F%2Fraccontimilu.com-none,0
http%3A%2F%2Fradioblog.su-none,0
http%3A%2F%2Fraisingyourgamebook.com-none,0
http%3A%2F%2Frazorphim.com-none,0
http%3A%2F%2Frcschoolstvm.org-none,0
http%3A%2F%2Fre-skin.info-none,0
http%3A%2F%2Frealtyestate.ru-none,0
http%3A%2F%2Freconquista.gob.ar-none,0
http%3A%2F%2Fmedicinarf.ru-none,0
http%3A%2F%2Fmegafilmeshdplus.org-none,0
http%3A%2F%2Fmegaoboishop.ru-none,0
http%3A%2F%2Fmegastav.ru-none,0
http%3A%2F%2Fmegataxsopark.ru-none,0
http%3A%2F%2Fmeibesstore.ru-none,0
http%3A%2F%2Fmelkovice.cz-none,0
http%3A%2F%2Fmhometheater.com-none,0
http%3A%2F%2Fmiasskids.ru-none,0
http%3A%2F%2Fmichaelmoga.com-none,0
http%3A%2F%2Fmikecarlson.info-none,0
http%3A%2F%2Ffps-studio.blogspot.com-none,0
http%3A%2F%2Ffrancescoferro.it-none,0
http%3A%2F%2Ffreecoyn.com-none,0
http%3A%2F%2Ffreeleaf.com-none,0
http%3A%2F%2Ffunmastiunlimited.com-none,0
http%3A%2F%2Ffusedworld.com-none,0
http%3A%2F%2Ffutbolsinfronteras.net-none,0
http%3A%2F%2Fgaloremag.com-none,0
http%3A%2F%2Fgecoetfo.ca-none,0
http%3A%2F%2Fgematria.fr-none,0
http%3A%2F%2Fgeneralbd.com-none,0
http%3A%2F%2F1laa.ru-none,0
http%3A%2F%2F1pss.ru-none,0
http%3A%2F%2F20gg.net-none,0
http%3A%2F%2F23dy.info-none,0
http%3A%2F%2F3-dsports.org-none,0
http%3A%2F%2F3dtv.at.ua-none,0
http%3A%2F%2F93map.com-none,0
http%3A%2F%2Faazah.com-none,0
http%3A%2F%2Fabelenda.ch-none,0
http%3A%2F%2Fabelenda.org-none,0
http%3A%2F%2Fabordazh-nn.ru-none,0
http%3A%2F%2Fabuq.ru-none,0
http%3A%2F%2Facmeta.com-none,0
http%3A%2F%2Fad-miner.com-none,0
http%3A%2F%2Fexperienced-people.net-none,0
http%3A%2F%2Fezdbr.com-none,0
http%3A%2F%2Ff4ndhy.blogspot.com-none,0
http%3A%2F%2Ffadux.academy-none,0
http%3A%2F%2Ffadux.coach-none,0
http%3A%2F%2Ffamiglio.com-none,0
http%3A%2F%2Ffamousnipple.com-none,0
http%3A%2F%2Ffazendarecreio.net-none,0
http%3A%2F%2Ffcbdstudiomanager.com-none,0
http%3A%2F%2Ffelmich.com-none,0
http%3A%2F%2Ffile-e-business.blog.ir-none,0
http%3A%2F%2Ffisticuffsociety.org-none,0
http%3A%2F%2Ffknigaland.ru-none,0
http%3A%2F%2Fstevehannagan.com-none,0
http%3A%2F%2Fstone76.ru-none,0
http%3A%2F%2Fstoveliving.co.uk-none,0
http%3A%2F%2Fstr1kee.com-none,0
http%3A%2F%2Fstrip-brushes.com-none,0
http%3A%2F%2Fstripmenaked.de-none,0
http%3A%2F%2Fstudio56ltd.com-none,0
http%3A%2F%2Fstv-sat.ru-none,0
http%3A%2F%2Fsudokubyzol.com-none,0
http%3A%2F%2Fsugalmedical.com-none,0
http%3A%2F%2Fsuperkuai.com-none,0
http%3A%2F%2Fsupermarketcrismar.ro-none,0
http%3A%2F%2Fpac31.com-none,0
http%3A%2F%2Fpageshepherd.co.uk-none,0
http%3A%2F%2Fpamapoint.com-none,0
http%3A%2F%2Fpanamacommunications.co.uk-none,0
http%3A%2F%2Fpandruk.pl-none,0
http%3A%2F%2Fpanoba.eu-none,0
http%3A%2F%2Fpanoba.sk-none,0
http%3A%2F%2Fpapoto.com-none,0
http%3A%2F%2Fparabuenosaires.com-none,0
http%3A%2F%2Fparamparapartyplot.com-none,0
http%3A%2F%2Fparaodpusy.cz-none,0
http%3A%2F%2Fparketshops.ru-none,0
http%3A%2F%2Fpartnerservice.ru-none,0
http%3A%2F%2Fparus-digital.ru-none,0
http%3A%2F%2Fshirazlpg.ir-none,0
http%3A%2F%2Fshirazmed.com-none,0
http%3A%2F%2Fshkolavolkovann.ru-none,0
http%3A%2F%2Fshowmethebox.com-none,0
http%3A%2F%2Fsias-fiat.ru-none,0
http%3A%2F%2Fsiciliasshop.it-none,0
http%3A%2F%2Fsilalaengnews.com-none,0
http%3A%2F%2Fsilliss.com-none,0
http%3A%2F%2Fsimonsautobody.com-none,0
http%3A%2F%2Fsinemapol.org-none,0
http%3A%2F%2Fsistemaiateteresina.com-none,0
http%3A%2F%2Fsitarchive.com-none,0
http%3A%2F%2Fsurgecool.com-none,0
http%3A%2F%2Fthajeenradio.com-none,0
http%3A%2F%2Ftockainfo.info-none,0
http%3A%2F%2Funimasgo.com-none,0
http%3A%2F%2Fverasis.com-none,0
http%3A%2F%2Fwallpoper.com-none,0
http%3A%2F%2Fxedienmotordien.com-none,0
http%3A%2F%2Fydeologi.com-none,0
http%3A%2F%2Flisecormery.com-none,0
http%3A%2F%2Fstepsmut.com-none,0
http%3A%2F%2Fgtinvestments.net-none,0
http%3A%2F%2Fguanzontherapy.com-none,0
http%3A%2F%2Fgwain.de-none,0
http%3A%2F%2Fhaglundsmode.se-none,0
http%3A%2F%2Fhandmadenews.ir-none,0
http%3A%2F%2Fheizkosten-sparen-24.de-none,0
http%3A%2F%2Fhentai-sd.net-none,0
http%3A%2F%2Fhhtdata.com-none,0
http%3A%2F%2Fhimmel.com.ph-none,0
http%3A%2F%2Fhlinikove-okna.eu-none,0
